mes,id_pessoa,salario,gastos,categoria_despesa_principal
2023-01,7001,1748.81,1980.22,Alimentação
2023-02,7001,3070.4,2952.0,Transporte
2023-03,7001,2753.61,2819.97,Aluguel
2023-04,7001,4506.85,2140.5,Alimentação
2023-05,7001,2908.88,2593.38,Educação
2023-06,7001,2372.67,1839.77,Aluguel
2023-07,7001,2818.07,3218.42,Educação
2023-08,7001,2524.94,1885.62,Lazer
2023-09,7001,4175.44,1485.11,Educação
2023-10,7001,3242.4,2090.97,Alimentação
2023-11,7001,3210.85,2298.25,Lazer
2023-12,7001,3154.79,3065.25,Educação
2023-01,7002,1814.9,4290.18,Lazer
2023-02,7002,2780.1,1729.83,Alimentação
2023-03,7002,3882.94,2736.54,Lazer
2023-04,7002,2975.66,1473.06,Transporte
2023-05,7002,5124.82,1286.08,Educação
2023-06,7002,4925.71,2873.99,Alimentação
2023-07,7002,4702.19,2286.22,Transporte
2023-08,7002,4332.47,1869.36,Alimentação
2023-09,7002,2300.98,1159.46,Alimentação
2023-10,7002,3152.39,1339.01,Lazer
2023-11,7002,2991.65,2886.11,Lazer
2023-12,7002,2522.79,2819.22,Educação
2023-01,7003,4037.88,820.96,Aluguel
2023-02,7003,3667.61,3367.25,Educação
2023-03,7003,3107.22,2064.87,Educação
2023-04,7003,3280.54,,Lazer
2023-05,7003,3321.59,3463.75,Educação
2023-06,7003,4068.44,1731.88,Lazer
2023-07,7003,3310.63,3497.94,Aluguel
2023-08,7003,3662.99,,Alimentação
2023-09,7003,4542.71,1614.59,Aluguel
2023-10,7003,3262.09,3825.05,Alimentação
2023-11,7003,4045.03,1287.72,Aluguel
2023-12,7003,2459.99,1781.83,Transporte
2023-01,7004,2222.28,1714.91,Lazer
2023-02,7004,3489.18,3370.21,Aluguel
2023-03,7004,3301.0,1776.09,Alimentação
2023-04,7004,3851.47,2559.44,Transporte
2023-05,7004,3973.91,2398.04,Educação
2023-06,7004,3819.5,3403.07,Educação
2023-07,7004,4119.34,2818.87,Transporte
2023-08,7004,3069.45,3087.08,Alimentação
2023-09,7004,3374.2,2812.6,Lazer
2023-10,7004,2650.63,1280.49,Educação
2023-11,7004,3536.4,2759.89,Aluguel
2023-12,7004,4149.44,3182.81,Alimentação
2023-01,7005,2113.87,2337.89,Educação
2023-02,7005,4275.32,1417.27,Aluguel
2023-03,7005,3540.05,2937.16,Alimentação
2023-04,7005,1461.25,2472.06,Lazer
2023-05,7005,2364.76,3174.04,Aluguel
2023-06,7005,2963.11,1597.0,Transporte
2023-07,7005,4879.79,2127.28,Lazer
2023-08,7005,3454.41,2707.22,Alimentação
2023-09,7005,3372.19,,Lazer
2023-10,7005,2579.92,4472.06,Educação
2023-11,7005,4983.07,1707.89,Educação
2023-12,7005,2080.76,3261.18,Educação
2023-01,7006,3121.45,1975.28,Aluguel
2023-02,7006,3233.85,2337.16,Educação
2023-03,7006,3977.57,3277.9,Lazer
2023-04,7006,1458.22,,Aluguel
2023-05,7006,4000.28,2748.02,Educação
2023-06,7006,3090.7,2582.14,Transporte
2023-07,7006,4324.75,2943.13,Transporte
2023-08,7006,3707.63,2625.59,Aluguel
2023-09,7006,2926.32,4293.08,Aluguel
2023-10,7006,3901.64,2527.12,Transporte
2023-11,7006,4374.68,1772.12,Transporte
2023-12,7006,3512.74,851.91,Lazer
2023-01,7007,1930.22,2648.62,Transporte
2023-02,7007,3142.23,2742.05,Alimentação
2023-03,7007,2728.86,3100.85,Transporte
2023-04,7007,2377.94,2827.95,Transporte
2023-05,7007,3760.89,4062.24,Lazer
2023-06,7007,5348.44,3209.49,Transporte
2023-07,7007,2508.78,2988.55,Transporte
2023-08,7007,5019.02,2525.08,Lazer
2023-09,7007,2037.54,2840.49,Aluguel
2023-10,7007,4510.43,2940.62,Lazer
2023-11,7007,4643.5,2198.19,Lazer
2023-12,7007,2617.26,3665.63,Aluguel
2023-01,7008,3650.16,3320.99,Aluguel
2023-02,7008,3848.45,2359.38,Aluguel
2023-03,7008,2921.19,2796.52,Transporte
2023-04,7008,1916.73,3628.05,Educação
2023-05,7008,3611.97,2467.36,Educação
2023-06,7008,3500.89,2931.33,Transporte
2023-07,7008,5426.76,2442.59,Educação
2023-08,7008,2043.04,2325.21,Alimentação
2023-09,7008,3139.22,2030.41,Lazer
2023-10,7008,3356.52,3508.3,Aluguel
2023-11,7008,5380.81,2872.59,Aluguel
2023-12,7008,3850.15,1734.03,Lazer
2023-01,7009,2391.1,2615.71,Educação
2023-02,7009,4540.41,3169.16,Alimentação
2023-03,7009,2062.88,3668.41,Educação
2023-04,7009,4305.4,2869.28,Educação
2023-05,7009,2680.0,2477.91,Transporte
2023-06,7009,2931.38,,Alimentação
2023-07,7009,4772.83,2231.37,Lazer
2023-08,7009,4693.19,1890.86,Aluguel
2023-09,7009,2454.99,2119.35,Transporte
2023-10,7009,4666.91,2487.5,Educação
2023-11,7009,3679.51,1031.69,Lazer
2023-12,7009,3596.01,1753.23,Aluguel
2023-01,7010,1986.16,,Aluguel
2023-02,7010,2248.19,1866.58,Educação
2023-03,7010,3361.67,3478.58,Aluguel
2023-04,7010,2631.28,3233.73,Aluguel
2023-05,7010,2366.47,2092.26,Aluguel
2023-06,7010,2715.56,5051.36,Alimentação
2023-07,7010,4518.09,2137.76,Transporte
2023-08,7010,3106.13,2850.68,Aluguel
2023-09,7010,4266.32,982.61,Aluguel
2023-10,7010,3540.25,,Lazer
2023-11,7010,3187.8,2884.89,Alimentação
2023-12,7010,3131.53,,Aluguel
2023-01,7011,2246.3,1759.52,Aluguel
2023-02,7011,3953.71,3458.82,Alimentação
2023-03,7011,3213.06,2201.59,Alimentação
2023-04,7011,2455.88,2607.3,Alimentação
2023-05,7011,3360.9,2864.76,Transporte
2023-06,7011,3977.71,2271.57,Educação
2023-07,7011,4157.46,2631.4,Transporte
2023-08,7011,5152.39,1875.88,Aluguel
2023-09,7011,2373.43,1757.19,Lazer
2023-10,7011,2326.17,1831.02,Alimentação
2023-11,7011,2635.53,2551.58,Alimentação
2023-12,7011,4592.6,2283.68,Educação
2023-01,7012,4161.86,1130.15,Lazer
2023-02,7012,2023.87,2026.03,Lazer
2023-03,7012,2245.11,1492.75,Lazer
2023-04,7012,2159.95,2157.23,Lazer
2023-05,7012,5135.52,3229.12,Aluguel
2023-06,7012,4794.57,3672.53,Lazer
2023-07,7012,3195.47,1799.44,Aluguel
2023-08,7012,2313.02,947.86,Aluguel
2023-09,7012,5264.76,3739.55,Transporte
2023-10,7012,4010.34,1786.0,Educação
2023-11,7012,1315.75,1633.68,Educação
2023-12,7012,2722.73,2360.5,Educação
2023-01,7013,4017.77,2791.4,Aluguel
2023-02,7013,2428.47,1913.64,Educação
2023-03,7013,2811.73,2838.05,Aluguel
2023-04,7013,3770.92,1916.22,Lazer
2023-05,7013,2697.36,,Lazer
2023-06,7013,5535.78,1251.2,Aluguel
2023-07,7013,4276.07,2002.42,Alimentação
2023-08,7013,2722.2,3027.42,Transporte
2023-09,7013,4661.98,3762.8,Educação
2023-10,7013,3345.68,1963.38,Educação
2023-11,7013,2444.35,1927.76,Transporte
2023-12,7013,3416.83,1935.09,Educação
2023-01,7014,2915.94,3265.91,Educação
2023-02,7014,3331.28,970.38,Transporte
2023-03,7014,3616.55,878.6,Lazer
2023-04,7014,2679.65,1440.16,Educação
2023-05,7014,4655.98,3578.02,Alimentação
2023-06,7014,4249.66,,Aluguel
2023-07,7014,4078.02,3787.31,Lazer
2023-08,7014,4344.23,,Transporte
2023-09,7014,4363.89,2343.25,Educação
2023-10,7014,2964.49,2313.29,Alimentação
2023-11,7014,2791.98,3805.88,Aluguel
2023-12,7014,4224.68,2568.75,Alimentação
2023-01,7015,1534.85,2082.18,Educação
2023-02,7015,4776.03,2167.01,Transporte
2023-03,7015,2971.03,2459.02,Lazer
2023-04,7015,3722.72,1199.51,Educação
2023-05,7015,3088.76,2461.58,Lazer
2023-06,7015,1853.55,4555.6,Aluguel
2023-07,7015,3145.09,973.23,Aluguel
2023-08,7015,4595.74,2377.1,Transporte
2023-09,7015,4647.63,2102.75,Alimentação
2023-10,7015,3012.05,2775.87,Aluguel
2023-11,7015,392.94,3697.12,Aluguel
2023-12,7015,4415.16,1457.34,Aluguel
2023-01,7016,2998.45,,Educação
2023-02,7016,2725.94,1106.0,Educação
2023-03,7016,3092.35,3220.2,Aluguel
2023-04,7016,1866.57,2588.15,Transporte
2023-05,7016,3042.84,3318.65,Alimentação
2023-06,7016,5691.05,1242.44,Alimentação
2023-07,7016,3536.36,2420.7,Lazer
2023-08,7016,3942.99,4049.57,Educação
2023-09,7016,3516.36,2744.92,Alimentação
2023-10,7016,3543.78,2092.97,Aluguel
2023-11,7016,2307.27,2448.14,Transporte
2023-12,7016,3736.83,2467.18,Aluguel
2023-01,7017,2464.86,2991.95,Educação
2023-02,7017,4776.51,1659.49,Lazer
2023-03,7017,3755.26,3410.4,Alimentação
2023-04,7017,3808.72,1941.63,Lazer
2023-05,7017,4047.86,2259.2,Transporte
2023-06,7017,3880.03,3498.5,Alimentação
2023-07,7017,4113.03,2890.74,Transporte
2023-08,7017,3779.12,4066.94,Lazer
2023-09,7017,3721.08,1810.58,Educação
2023-10,7017,5852.58,1999.02,Aluguel
2023-11,7017,4019.55,,Transporte
2023-12,7017,3494.88,1695.11,Lazer
2023-01,7018,3665.75,2491.7,Aluguel
2023-02,7018,2624.3,4494.47,Aluguel
2023-03,7018,3623.19,1926.72,Aluguel
2023-04,7018,3475.84,3069.17,Alimentação
2023-05,7018,2250.1,2135.36,Lazer
2023-06,7018,1649.39,1694.29,Aluguel
2023-07,7018,3382.49,3070.36,Educação
2023-08,7018,3920.65,1939.74,Aluguel
2023-09,7018,3506.84,3209.66,Transporte
2023-10,7018,5109.27,3946.36,Lazer
2023-11,7018,4051.47,3774.26,Alimentação
2023-12,7018,5036.57,2555.86,Educação
2023-01,7019,2451.79,1839.1,Lazer
2023-02,7019,2690.29,2057.39,Transporte
2023-03,7019,4072.88,2591.17,Lazer
2023-04,7019,4278.81,2288.51,Aluguel
2023-05,7019,3349.19,1226.7,Alimentação
2023-06,7019,5060.08,2454.26,Lazer
2023-07,7019,2045.0,3712.11,Lazer
2023-08,7019,3844.41,1833.77,Lazer
2023-09,7019,4982.75,2927.81,Transporte
2023-10,7019,4119.69,2234.53,Lazer
2023-11,7019,4077.16,2349.79,Alimentação
2023-12,7019,4537.32,2931.27,Lazer
2023-01,7020,4681.27,2228.83,Lazer
2023-02,7020,2555.21,2681.66,Transporte
2023-03,7020,2151.25,2213.47,Alimentação
2023-04,7020,5279.17,3613.83,Lazer
2023-05,7020,4085.05,2013.85,Alimentação
2023-06,7020,2134.93,1853.06,Transporte
2023-07,7020,3853.21,,Alimentação
2023-08,7020,3405.33,1999.84,Lazer
2023-09,7020,3397.17,2142.62,Transporte
2023-10,7020,2749.49,3066.26,Aluguel
2023-11,7020,3362.46,1672.19,Educação
2023-12,7020,3926.05,2930.88,Alimentação
2023-01,7021,4062.91,3135.17,Lazer
2023-02,7021,4645.59,2425.74,Educação
2023-03,7021,2661.28,2398.47,Aluguel
2023-04,7021,5289.44,4187.39,Lazer
2023-05,7021,3336.55,2409.26,Educação
2023-06,7021,33.61,1579.62,Aluguel
2023-07,7021,3864.14,3306.53,Transporte
2023-08,7021,3882.92,1449.31,Alimentação
2023-09,7021,4275.51,3188.16,Transporte
2023-10,7021,1403.44,1332.38,Aluguel
2023-11,7021,4219.79,3469.8,Educação
2023-12,7021,2181.15,2168.82,Lazer
2023-01,7022,3818.14,1313.31,Transporte
2023-02,7022,2370.64,2261.71,Alimentação
2023-03,7022,4237.83,2503.76,Lazer
2023-04,7022,4847.87,2515.6,Alimentação
2023-05,7022,5402.91,2744.2,Lazer
2023-06,7022,2127.42,2204.93,Alimentação
2023-07,7022,6671.28,3392.78,Aluguel
2023-08,7022,2270.56,1837.02,Educação
2023-09,7022,1936.24,5003.48,Lazer
2023-10,7022,2393.77,2692.52,Educação
2023-11,7022,3218.2,3289.44,Alimentação
2023-12,7022,3413.19,2094.37,Alimentação
2023-01,7023,2226.61,2935.98,Alimentação
2023-02,7023,4403.78,4247.27,Lazer
2023-03,7023,3657.34,3995.27,Alimentação
2023-04,7023,4352.3,1692.15,Aluguel
2023-05,7023,2876.82,2947.43,Lazer
2023-06,7023,4329.69,2408.64,Alimentação
2023-07,7023,3765.75,2223.78,Transporte
2023-08,7023,5785.07,2169.74,Lazer
2023-09,7023,4090.48,1943.34,Alimentação
2023-10,7023,3479.62,1898.76,Lazer
2023-11,7023,3864.26,2408.61,Lazer
2023-12,7023,4830.46,2310.2,Lazer
2023-01,7024,2808.29,3680.65,Aluguel
2023-02,7024,3885.86,3555.72,Aluguel
2023-03,7024,4407.82,2253.3,Lazer
2023-04,7024,3526.36,3914.21,Aluguel
2023-05,7024,3742.49,1797.52,Lazer
2023-06,7024,5194.14,3516.46,Transporte
2023-07,7024,3873.5,837.87,Lazer
2023-08,7024,5103.55,2817.63,Alimentação
2023-09,7024,3989.89,4467.49,Aluguel
2023-10,7024,6054.48,2998.97,Alimentação
2023-11,7024,2560.5,4099.72,Lazer
2023-12,7024,2832.93,3071.72,Lazer
2023-01,7025,4499.43,907.97,Alimentação
2023-02,7025,3089.31,3640.62,Alimentação
2023-03,7025,3994.11,2820.26,Educação
2023-04,7025,2741.11,1405.09,Alimentação
2023-05,7025,3502.06,2430.77,Educação
2023-06,7025,3928.74,1150.51,Aluguel
2023-07,7025,3126.49,1756.98,Alimentação
2023-08,7025,4996.91,3315.95,Educação
2023-09,7025,3575.55,2438.5,Alimentação
2023-10,7025,3905.25,,Lazer
2023-11,7025,4412.75,2174.76,Alimentação
2023-12,7025,2970.86,2132.56,Alimentação
2023-01,7026,3052.26,3799.2,Lazer
2023-02,7026,3788.47,802.31,Alimentação
2023-03,7026,4722.93,1003.44,Transporte
2023-04,7026,2680.56,2608.33,Educação
2023-05,7026,2409.16,847.64,Transporte
2023-06,7026,2956.03,1625.49,Lazer
2023-07,7026,3541.53,2523.17,Transporte
2023-08,7026,2637.62,2648.69,Alimentação
2023-09,7026,2074.95,2559.01,Lazer
2023-10,7026,2694.64,743.92,Lazer
2023-11,7026,6309.34,3077.42,Lazer
2023-12,7026,5554.64,1378.18,Alimentação
2023-01,7027,4833.89,3443.71,Lazer
2023-02,7027,3965.72,3534.11,Educação
2023-03,7027,3987.44,1606.91,Lazer
2023-04,7027,4521.94,1986.07,Educação
2023-05,7027,2654.87,2759.27,Alimentação
2023-06,7027,2897.37,2173.81,Lazer
2023-07,7027,3815.2,3314.35,Aluguel
2023-08,7027,3355.12,2604.97,Lazer
2023-09,7027,4155.02,3354.15,Transporte
2023-10,7027,3810.99,3506.73,Lazer
2023-11,7027,3889.6,1866.59,Transporte
2023-12,7027,2976.06,2087.24,Aluguel
2023-01,7028,3204.78,2765.65,Lazer
2023-02,7028,2505.48,3033.79,Alimentação
2023-03,7028,3835.43,,Transporte
2023-04,7028,2600.16,2284.68,Alimentação
2023-05,7028,3121.93,3866.4,Transporte
2023-06,7028,2517.5,3436.3,Aluguel
2023-07,7028,4981.61,1010.09,Aluguel
2023-08,7028,4152.32,2653.23,Alimentação
2023-09,7028,4329.9,1747.92,Lazer
2023-10,7028,3541.23,3156.67,Aluguel
2023-11,7028,4323.49,2274.92,Aluguel
2023-12,7028,2754.94,2314.78,Aluguel
2023-01,7029,2490.52,1649.21,Transporte
2023-02,7029,3992.57,2851.7,Lazer
2023-03,7029,3293.3,3386.55,Transporte
2023-04,7029,3198.49,3935.7,Lazer
2023-05,7029,2223.83,2403.54,Aluguel
2023-06,7029,-274.81,-120.25,Lazer
2023-07,7029,2550.23,2038.04,Educação
2023-08,7029,2992.84,2627.72,Educação
2023-09,7029,2366.77,3012.16,Transporte
2023-10,7029,2998.97,2722.62,Transporte
2023-11,7029,3917.68,2733.45,Aluguel
2023-12,7029,3717.58,2813.55,Aluguel
2023-01,7030,3147.36,3621.64,Educação
2023-02,7030,5141.01,2013.99,Educação
2023-03,7030,3889.7,1997.24,Aluguel
2023-04,7030,3183.77,4529.64,Aluguel
2023-05,7030,4812.19,1741.39,Alimentação
2023-06,7030,3387.87,2546.01,Lazer
2023-07,7030,4478.43,2457.07,Educação
2023-08,7030,3217.6,3631.04,Lazer
2023-09,7030,1691.37,2212.97,Transporte
2023-10,7030,2364.92,3071.45,Educação
2023-11,7030,3205.41,2287.46,Aluguel
2023-12,7030,3832.35,2335.9,Alimentação
2023-01,7031,4952.16,2119.65,Lazer
2023-02,7031,3865.46,2676.86,Alimentação
2023-03,7031,1901.92,2790.22,Aluguel
2023-04,7031,2856.09,2987.58,Transporte
2023-05,7031,3318.86,1516.75,Lazer
2023-06,7031,2403.77,2394.71,Alimentação
2023-07,7031,2888.02,2443.38,Transporte
2023-08,7031,3197.36,3258.21,Transporte
2023-09,7031,2826.5,1975.21,Aluguel
2023-10,7031,3600.26,2124.36,Transporte
2023-11,7031,3150.15,4151.38,Alimentação
2023-12,7031,3638.82,2753.63,Educação
2023-01,7032,4063.91,1228.17,Alimentação
2023-02,7032,4085.67,3114.56,Transporte
2023-03,7032,4189.58,3879.49,Aluguel
2023-04,7032,5212.44,2553.11,Aluguel
2023-05,7032,4015.38,2531.94,Educação
2023-06,7032,4138.42,1997.41,Alimentação
2023-07,7032,2993.41,3321.48,Transporte
2023-08,7032,3087.95,1607.57,Educação
2023-09,7032,2748.9,2199.25,Alimentação
2023-10,7032,3377.07,2491.1,Alimentação
2023-11,7032,2299.39,3352.65,Lazer
2023-12,7032,3236.79,3585.56,Educação
2023-01,7033,4108.91,1650.4,Alimentação
2023-02,7033,4506.58,2278.32,Transporte
2023-03,7033,4797.95,1896.79,Alimentação
2023-04,7033,2017.46,1582.51,Aluguel
2023-05,7033,2997.46,825.28,Aluguel
2023-06,7033,4231.12,2948.53,Transporte
2023-07,7033,2867.66,1399.87,Alimentação
2023-08,7033,5499.83,2330.32,Educação
2023-09,7033,4853.25,2070.99,Lazer
2023-10,7033,3065.33,2060.38,Alimentação
2023-11,7033,3567.72,4217.25,Lazer
2023-12,7033,3924.36,2308.39,Transporte
2023-01,7034,2988.64,3279.86,Aluguel
2023-02,7034,4119.66,2386.71,Transporte
2023-03,7034,5580.11,1904.3,Lazer
2023-04,7034,3874.47,2790.58,Educação
2023-05,7034,3984.26,2127.05,Aluguel
2023-06,7034,4687.59,2870.07,Educação
2023-07,7034,4703.96,1108.81,Lazer
2023-08,7034,1975.74,3890.32,Transporte
2023-09,7034,3313.85,2315.09,Alimentação
2023-10,7034,4383.02,2537.45,Educação
2023-11,7034,1851.01,2902.41,Lazer
2023-12,7034,4309.34,718.35,Educação
2023-01,7035,2711.7,2655.35,Aluguel
2023-02,7035,5185.27,2887.61,Transporte
2023-03,7035,3204.15,2343.98,Aluguel
2023-04,7035,4754.86,758.46,Educação
2023-05,7035,2112.49,3486.34,Alimentação
2023-06,7035,5034.29,2791.67,Educação
2023-07,7035,5213.59,3487.91,Aluguel
2023-08,7035,2864.81,2567.14,Alimentação
2023-09,7035,3495.5,3065.98,Educação
2023-10,7035,3675.21,3683.15,Aluguel
2023-11,7035,2480.59,2610.58,Alimentação
2023-12,7035,3625.03,2837.75,Transporte
2023-01,7036,5177.03,3393.85,Aluguel
2023-02,7036,3907.59,2618.62,Alimentação
2023-03,7036,3632.84,3050.09,Lazer
2023-04,7036,3469.0,3687.88,Alimentação
2023-05,7036,3380.57,2171.88,Aluguel
2023-06,7036,4755.13,1992.77,Educação
2023-07,7036,2319.73,,Transporte
2023-08,7036,4850.34,871.25,Educação
2023-09,7036,2351.9,3467.59,Aluguel
2023-10,7036,3879.21,2340.05,Alimentação
2023-11,7036,5553.01,1399.47,Alimentação
2023-12,7036,3646.0,2533.72,Aluguel
2023-01,7037,2892.94,3691.41,Alimentação
2023-02,7037,3814.02,2318.6,Lazer
2023-03,7037,1112.42,3077.4,Lazer
2023-04,7037,3718.13,2605.67,Lazer
2023-05,7037,2730.57,3967.06,Alimentação
2023-06,7037,3206.28,2424.31,Alimentação
2023-07,7037,3166.66,721.11,Educação
2023-08,7037,2094.32,2402.75,Lazer
2023-09,7037,4156.94,3137.47,Lazer
2023-10,7037,3264.97,3059.9,Transporte
2023-11,7037,3830.14,2967.49,Alimentação
2023-12,7037,3820.59,2952.3,Aluguel
2023-01,7038,1483.72,1554.63,Aluguel
2023-02,7038,2026.53,3430.53,Transporte
2023-03,7038,3254.54,2483.26,Alimentação
2023-04,7038,2750.44,3610.55,Alimentação
2023-05,7038,4286.62,2081.09,Alimentação
2023-06,7038,2929.23,2522.44,Transporte
2023-07,7038,4269.35,1593.87,Educação
2023-08,7038,2779.52,2377.22,Alimentação
2023-09,7038,3436.1,2666.56,Educação
2023-10,7038,3720.1,2283.38,Alimentação
2023-11,7038,2314.98,4535.17,Alimentação
2023-12,7038,2712.96,3382.63,Alimentação
2023-01,7039,2593.53,2462.6,Aluguel
2023-02,7039,6036.55,,Alimentação
2023-03,7039,4561.62,2027.45,Educação
2023-04,7039,3602.78,3910.34,Educação
2023-05,7039,3989.45,3828.75,Transporte
2023-06,7039,2547.92,1721.11,Educação
2023-07,7039,4017.22,2083.5,Aluguel
2023-08,7039,4290.19,2254.6,Transporte
2023-09,7039,4389.33,3165.31,Aluguel
2023-10,7039,3895.63,1503.65,Alimentação
2023-11,7039,4148.16,1256.96,Aluguel
2023-12,7039,3199.29,877.94,Alimentação
2023-01,7040,2898.53,2887.49,Educação
2023-02,7040,2831.23,2179.87,Educação
2023-03,7040,2157.59,4259.77,Aluguel
2023-04,7040,4178.75,,Alimentação
2023-05,7040,2448.19,1568.76,Transporte
2023-06,7040,4872.07,3232.98,Transporte
2023-07,7040,3893.2,2648.48,Transporte
2023-08,7040,3323.37,2282.21,Alimentação
2023-09,7040,4705.19,2447.72,Lazer
2023-10,7040,3245.99,2085.38,Transporte
2023-11,7040,2936.52,2461.19,Transporte
2023-12,7040,3209.08,2275.72,Alimentação
2023-01,7041,3626.83,,Alimentação
2023-02,7041,4591.08,2672.19,Alimentação
2023-03,7041,5026.17,2443.53,Alimentação
2023-04,7041,5168.41,4490.76,Educação
2023-05,7041,4184.77,,Aluguel
2023-06,7041,3440.27,2370.36,Alimentação
2023-07,7041,3477.22,1524.37,Educação
2023-08,7041,3414.1,1971.07,Educação
2023-09,7041,2575.44,1640.96,Transporte
2023-10,7041,3919.64,3527.43,Transporte
2023-11,7041,2045.64,2003.96,Lazer
2023-12,7041,4032.37,1928.93,Aluguel
2023-01,7042,4376.49,2408.68,Educação
2023-02,7042,2407.06,2200.85,Alimentação
2023-03,7042,3517.19,3190.19,Aluguel
2023-04,7042,3676.99,1140.6,Educação
2023-05,7042,3991.56,2643.8,Aluguel
2023-06,7042,4439.98,1871.53,Educação
2023-07,7042,4510.27,3024.42,Lazer
2023-08,7042,3085.24,2981.66,Aluguel
2023-09,7042,4232.99,1402.16,Lazer
2023-10,7042,4758.42,2022.25,Alimentação
2023-11,7042,4570.23,1566.78,Educação
2023-12,7042,3187.44,3150.32,Educação
2023-01,7043,3374.97,1569.68,Transporte
2023-02,7043,4427.51,2552.3,Alimentação
2023-03,7043,2474.74,,Lazer
2023-04,7043,4401.62,2196.75,Educação
2023-05,7043,3877.21,3011.98,Transporte
2023-06,7043,3832.68,1945.18,Transporte
2023-07,7043,4688.58,2552.6,Alimentação
2023-08,7043,1089.6,2057.68,Lazer
2023-09,7043,4549.41,2430.65,Transporte
2023-10,7043,3183.37,1812.23,Aluguel
2023-11,7043,4186.38,2254.24,Educação
2023-12,7043,3582.93,2260.66,Educação
2023-01,7044,2777.82,3396.74,Educação
2023-02,7044,2632.1,2705.16,Alimentação
2023-03,7044,4521.88,1203.77,Educação
2023-04,7044,3868.05,2498.28,Alimentação
2023-05,7044,3804.49,2881.15,Transporte
2023-06,7044,3680.56,2754.79,Alimentação
2023-07,7044,2974.86,3072.32,Alimentação
2023-08,7044,2819.81,2022.65,Lazer
2023-09,7044,4493.5,2657.91,Lazer
2023-10,7044,4694.73,2789.98,Lazer
2023-11,7044,3517.01,3059.6,Alimentação
2023-12,7044,2353.78,2714.06,Educação
2023-01,7045,3741.35,2502.07,Educação
2023-02,7045,3143.03,1909.78,Transporte
2023-03,7045,3048.76,,Aluguel
2023-04,7045,5393.24,4281.74,Lazer
2023-05,7045,2878.23,3058.61,Alimentação
2023-06,7045,2503.73,1111.78,Educação
2023-07,7045,3917.56,1763.02,Alimentação
2023-08,7045,2681.98,2872.77,Lazer
2023-09,7045,3115.24,3440.01,Aluguel
2023-10,7045,2034.18,3549.37,Alimentação
2023-11,7045,3191.59,3645.28,Aluguel
2023-12,7045,3019.48,1917.07,Lazer
2023-01,7046,4920.77,3284.16,Lazer
2023-02,7046,4694.44,3606.52,Lazer
2023-03,7046,2531.57,2064.48,Aluguel
2023-04,7046,3247.09,2129.46,Lazer
2023-05,7046,3171.46,980.43,Alimentação
2023-06,7046,4157.05,2014.64,Educação
2023-07,7046,3093.74,1559.37,Lazer
2023-08,7046,2298.77,2695.62,Alimentação
2023-09,7046,3892.73,2673.97,Aluguel
2023-10,7046,4181.57,2691.34,Educação
2023-11,7046,3406.62,2810.25,Transporte
2023-12,7046,4246.57,2890.31,Transporte
2023-01,7047,4962.82,2746.61,Aluguel
2023-02,7047,3111.97,3344.47,Alimentação
2023-03,7047,4528.59,2497.95,Alimentação
2023-04,7047,2691.25,,Educação
2023-05,7047,3104.68,3108.85,Aluguel
2023-06,7047,4453.92,2203.7,Alimentação
2023-07,7047,1488.51,2510.23,Alimentação
2023-08,7047,3041.08,2191.86,Lazer
2023-09,7047,5911.82,3281.29,Alimentação
2023-10,7047,2816.28,3529.79,Transporte
2023-11,7047,2554.0,2371.84,Transporte
2023-12,7047,3182.48,3335.17,Alimentação
2023-01,7048,2376.4,3928.25,Alimentação
2023-02,7048,4132.93,2116.62,Transporte
2023-03,7048,4599.05,2017.21,Lazer
2023-04,7048,3387.62,1364.84,Alimentação
2023-05,7048,4245.75,2628.32,Alimentação
2023-06,7048,3702.69,2871.39,Transporte
2023-07,7048,2570.95,1817.29,Alimentação
2023-08,7048,3822.83,2226.97,Alimentação
2023-09,7048,5487.53,2124.94,Transporte
2023-10,7048,5158.16,2691.45,Alimentação
2023-11,7048,4059.25,3219.05,Aluguel
2023-12,7048,2964.67,3177.27,Lazer
2023-01,7049,3654.29,3220.1,Aluguel
2023-02,7049,3207.5,2602.72,Alimentação
2023-03,7049,3739.72,4315.66,Transporte
2023-04,7049,2268.21,1587.23,Lazer
2023-05,7049,3765.97,1802.06,Lazer
2023-06,7049,2226.77,1495.77,Lazer
2023-07,7049,3557.33,2797.92,Alimentação
2023-08,7049,2267.34,2067.29,Lazer
2023-09,7049,5165.7,3293.04,Lazer
2023-10,7049,4980.79,1900.9,Lazer
2023-11,7049,3801.15,2886.39,Educação
2023-12,7049,3609.89,3180.1,Transporte
2023-01,7050,4262.12,3359.39,Lazer
2023-02,7050,6824.5,2162.8,Educação
2023-03,7050,3840.69,3410.42,Lazer
2023-04,7050,2224.82,2950.11,Educação
2023-05,7050,5729.4,4212.34,Lazer
2023-06,7050,5380.08,3207.73,Aluguel
2023-07,7050,4636.46,,Educação
2023-08,7050,3668.9,2351.32,Aluguel
2023-09,7050,4420.39,3162.34,Lazer
2023-10,7050,3768.21,1558.16,Alimentação
2023-11,7050,2728.79,3500.94,Transporte
2023-12,7050,2944.29,2143.07,Alimentação
2023-01,7051,3419.27,1246.24,Educação
2023-02,7051,2784.36,1925.55,Aluguel
2023-03,7051,3996.0,1692.18,Alimentação
2023-04,7051,3142.94,2018.94,Lazer
2023-05,7051,4829.75,2110.66,Transporte
2023-06,7051,3004.77,2947.74,Lazer
2023-07,7051,3556.25,2676.19,Lazer
2023-08,7051,4396.72,2421.38,Educação
2023-09,7051,4560.4,2841.88,Lazer
2023-10,7051,1113.47,3552.57,Lazer
2023-11,7051,4942.71,3164.05,Alimentação
2023-12,7051,2006.94,2405.51,Educação
2023-01,7052,2977.74,2976.91,Educação
2023-02,7052,5377.42,2474.18,Alimentação
2023-03,7052,4244.51,1829.75,Transporte
2023-04,7052,4324.64,3509.43,Transporte
2023-05,7052,2655.93,3224.82,Alimentação
2023-06,7052,3165.62,2189.09,Educação
2023-07,7052,3413.12,1172.28,Educação
2023-08,7052,3612.18,3255.85,Aluguel
2023-09,7052,4616.12,2526.42,Educação
2023-10,7052,5054.32,1680.18,Educação
2023-11,7052,3127.97,1335.04,Educação
2023-12,7052,3815.34,2118.08,Alimentação
2023-01,7053,4132.31,2917.73,Alimentação
2023-02,7053,3798.32,1816.55,Educação
2023-03,7053,4545.04,,Educação
2023-04,7053,3255.64,2823.91,Lazer
2023-05,7053,3350.27,1340.54,Alimentação
2023-06,7053,2655.85,2999.51,Aluguel
2023-07,7053,4799.91,1682.94,Transporte
2023-08,7053,1469.04,3705.26,Alimentação
2023-09,7053,4415.91,2532.12,Transporte
2023-10,7053,1821.33,1986.87,Transporte
2023-11,7053,3676.69,691.37,Aluguel
2023-12,7053,4452.37,1827.32,Educação
2023-01,7054,4786.02,1903.25,Aluguel
2023-02,7054,3469.12,3196.02,Lazer
2023-03,7054,4311.09,2949.18,Lazer
2023-04,7054,1369.95,2598.04,Aluguel
2023-05,7054,5036.83,1355.83,Aluguel
2023-06,7054,3637.02,468.26,Alimentação
2023-07,7054,3728.26,2566.02,Alimentação
2023-08,7054,3599.71,3445.18,Aluguel
2023-09,7054,1759.09,1864.17,Educação
2023-10,7054,4003.91,3034.2,Aluguel
2023-11,7054,1683.06,2862.35,Educação
2023-12,7054,2313.64,3375.45,Aluguel
2023-01,7055,3910.38,2839.27,Aluguel
2023-02,7055,3171.24,2385.29,Aluguel
2023-03,7055,2260.89,2430.13,Alimentação
2023-04,7055,2506.8,1872.47,Alimentação
2023-05,7055,3524.83,3502.94,Aluguel
2023-06,7055,2534.41,2441.65,Lazer
2023-07,7055,2982.07,1487.69,Transporte
2023-08,7055,3885.45,2591.07,Educação
2023-09,7055,5521.99,2691.74,Transporte
2023-10,7055,4100.32,4656.0,Educação
2023-11,7055,3578.29,2013.36,Aluguel
2023-12,7055,3480.97,,Alimentação
2023-01,7056,4073.08,2973.72,Aluguel
2023-02,7056,3634.49,2820.71,Aluguel
2023-03,7056,4697.65,2374.9,Transporte
2023-04,7056,1834.4,1660.35,Educação
2023-05,7056,3553.12,3344.63,Aluguel
2023-06,7056,1835.16,3565.62,Aluguel
2023-07,7056,3715.78,2051.12,Alimentação
2023-08,7056,3359.51,2072.53,Transporte
2023-09,7056,5188.9,3500.58,Aluguel
2023-10,7056,1445.36,2057.48,Aluguel
2023-11,7056,3580.43,2371.71,Educação
2023-12,7056,3846.76,3287.2,Alimentação
2023-01,7057,4442.63,3015.15,Alimentação
2023-02,7057,4475.77,2631.35,Lazer
2023-03,7057,2782.65,2874.09,Aluguel
2023-04,7057,3171.02,3440.34,Transporte
2023-05,7057,2905.56,1307.76,Aluguel
2023-06,7057,1990.66,3062.23,Educação
2023-07,7057,3921.97,1403.17,Alimentação
2023-08,7057,4495.73,3438.02,Alimentação
2023-09,7057,3930.36,1753.26,Lazer
2023-10,7057,3646.06,2057.64,Alimentação
2023-11,7057,1984.42,2507.43,Alimentação
2023-12,7057,2362.16,2820.57,Lazer
2023-01,7058,3105.37,3112.7,Educação
2023-02,7058,3232.36,1310.21,Transporte
2023-03,7058,3345.04,3739.94,Transporte
2023-04,7058,5496.34,1553.2,Educação
2023-05,7058,4987.64,2136.89,Aluguel
2023-06,7058,3230.38,2311.01,Aluguel
2023-07,7058,3252.26,2194.55,Aluguel
2023-08,7058,3223.04,2260.94,Educação
2023-09,7058,5504.28,1403.47,Lazer
2023-10,7058,3917.01,1715.71,Aluguel
2023-11,7058,3558.07,3511.75,Alimentação
2023-12,7058,2874.67,3418.69,Lazer
2023-01,7059,3602.68,913.01,Lazer
2023-02,7059,3885.92,2019.59,Lazer
2023-03,7059,3814.42,1517.21,Lazer
2023-04,7059,3110.49,2246.63,Educação
2023-05,7059,4639.77,3573.58,Educação
2023-06,7059,3424.14,3396.48,Alimentação
2023-07,7059,1199.34,2288.54,Lazer
2023-08,7059,3540.43,3454.85,Transporte
2023-09,7059,4671.88,2554.35,Lazer
2023-10,7059,257.76,3246.31,Educação
2023-11,7059,3205.32,1710.29,Alimentação
2023-12,7059,2382.92,4544.81,Lazer
2023-01,7060,3659.01,2629.02,Aluguel
2023-02,7060,3349.59,2547.09,Aluguel
2023-03,7060,2372.33,954.88,Alimentação
2023-04,7060,3522.65,3589.15,Alimentação
2023-05,7060,1481.69,2981.94,Educação
2023-06,7060,3685.6,2478.28,Lazer
2023-07,7060,3073.11,3253.87,Lazer
2023-08,7060,3375.64,1119.45,Aluguel
2023-09,7060,4245.52,2820.17,Alimentação
2023-10,7060,4470.83,3365.14,Educação
2023-11,7060,3953.0,2703.79,Alimentação
2023-12,7060,2955.36,2274.66,Transporte
2023-01,7061,4210.11,2069.82,Alimentação
2023-02,7061,2101.78,2446.94,Educação
2023-03,7061,4473.35,865.74,Aluguel
2023-04,7061,3451.63,3172.03,Alimentação
2023-05,7061,3841.69,2578.48,Educação
2023-06,7061,2657.45,3465.96,Lazer
2023-07,7061,2199.29,,Transporte
2023-08,7061,2448.02,2232.72,Educação
2023-09,7061,4001.69,1899.65,Educação
2023-10,7061,4879.43,3199.4,Transporte
2023-11,7061,2992.76,1684.42,Educação
2023-12,7061,3284.16,2046.82,Transporte
2023-01,7062,3348.5,1245.74,Lazer
2023-02,7062,4658.76,3432.23,Alimentação
2023-03,7062,4038.24,1793.06,Alimentação
2023-04,7062,3291.75,1781.9,Aluguel
2023-05,7062,3670.59,1379.91,Educação
2023-06,7062,3192.87,2104.3,Lazer
2023-07,7062,4495.44,2344.39,Alimentação
2023-08,7062,1664.92,3359.88,Educação
2023-09,7062,3561.47,2648.11,Lazer
2023-10,7062,2145.16,2895.22,Transporte
2023-11,7062,3594.63,2761.8,Aluguel
2023-12,7062,4110.84,2672.21,Alimentação
2023-01,7063,2307.73,2868.35,Educação
2023-02,7063,3894.84,2643.62,Educação
2023-03,7063,2615.05,2307.88,Alimentação
2023-04,7063,3806.31,1513.09,Lazer
2023-05,7063,3267.68,3297.73,Lazer
2023-06,7063,1333.25,3439.61,Alimentação
2023-07,7063,4014.27,3643.15,Alimentação
2023-08,7063,4217.12,,Aluguel
2023-09,7063,4295.61,3216.21,Aluguel
2023-10,7063,2184.73,1424.05,Lazer
2023-11,7063,3371.0,2690.68,Lazer
2023-12,7063,1859.86,2116.06,Alimentação
2023-01,7064,2510.33,3086.65,Alimentação
2023-02,7064,3736.64,1511.43,Aluguel
2023-03,7064,2231.33,2832.33,Lazer
2023-04,7064,4420.33,2479.38,Alimentação
2023-05,7064,4114.21,2076.62,Educação
2023-06,7064,4315.33,2494.23,Transporte
2023-07,7064,4263.78,3145.78,Transporte
2023-08,7064,552.91,775.33,Educação
2023-09,7064,3554.05,3401.46,Transporte
2023-10,7064,3567.52,4222.01,Aluguel
2023-11,7064,4012.87,,Lazer
2023-12,7064,1318.6,2931.1,Alimentação
2023-01,7065,2135.88,2619.77,Aluguel
2023-02,7065,3886.8,2024.27,Alimentação
2023-03,7065,4366.87,2475.55,Educação
2023-04,7065,2912.34,2664.0,Aluguel
2023-05,7065,4953.36,3297.72,Aluguel
2023-06,7065,2034.21,2581.44,Lazer
2023-07,7065,3271.68,1280.67,Transporte
2023-08,7065,4695.47,,Lazer
2023-09,7065,3884.74,2162.49,Lazer
2023-10,7065,3510.51,1365.2,Alimentação
2023-11,7065,3844.69,2832.23,Aluguel
2023-12,7065,3629.82,1340.41,Lazer
2023-01,7066,4583.5,2378.42,Lazer
2023-02,7066,4447.48,3297.46,Transporte
2023-03,7066,3383.56,2792.67,Educação
2023-04,7066,3370.03,3109.77,Educação
2023-05,7066,2860.55,2529.82,Lazer
2023-06,7066,2437.17,,Educação
2023-07,7066,4143.47,2486.35,Alimentação
2023-08,7066,3586.27,1745.4,Aluguel
2023-09,7066,4119.91,2945.75,Alimentação
2023-10,7066,3490.12,2108.62,Educação
2023-11,7066,1471.9,3897.39,Transporte
2023-12,7066,3114.84,2919.0,Transporte
2023-01,7067,3971.99,3861.96,Alimentação
2023-02,7067,2350.3,,Aluguel
2023-03,7067,3568.42,1275.3,Transporte
2023-04,7067,4357.23,3097.17,Alimentação
2023-05,7067,3688.51,1781.95,Educação
2023-06,7067,2057.18,2769.03,Transporte
2023-07,7067,3552.07,1872.16,Aluguel
2023-08,7067,4207.39,3007.87,Aluguel
2023-09,7067,3820.23,946.51,Aluguel
2023-10,7067,2505.89,2517.52,Lazer
2023-11,7067,4732.41,3313.35,Lazer
2023-12,7067,2186.19,4191.34,Aluguel
2023-01,7068,2842.96,2167.75,Lazer
2023-02,7068,2996.77,2438.0,Alimentação
2023-03,7068,5124.63,2492.27,Lazer
2023-04,7068,2316.03,3524.64,Educação
2023-05,7068,2425.49,1729.72,Transporte
2023-06,7068,3933.21,2622.4,Alimentação
2023-07,7068,4155.35,3902.31,Aluguel
2023-08,7068,5418.81,1218.91,Transporte
2023-09,7068,5166.39,2585.52,Alimentação
2023-10,7068,2914.49,3485.58,Transporte
2023-11,7068,3815.98,2476.63,Aluguel
2023-12,7068,4159.03,3542.31,Lazer
2023-01,7069,4111.17,1610.84,Transporte
2023-02,7069,3327.31,3595.83,Alimentação
2023-03,7069,3334.5,3212.97,Aluguel
2023-04,7069,3864.44,1698.74,Alimentação
2023-05,7069,3611.9,,Educação
2023-06,7069,4851.63,1933.8,Educação
2023-07,7069,2554.25,2389.94,Transporte
2023-08,7069,438.48,1916.18,Alimentação
2023-09,7069,3588.1,2672.23,Aluguel
2023-10,7069,1819.5,1161.24,Lazer
2023-11,7069,4151.69,3025.17,Alimentação
2023-12,7069,2771.03,2321.64,Educação
2023-01,7070,4111.01,1664.84,Lazer
2023-02,7070,2926.61,2153.61,Alimentação
2023-03,7070,3452.38,1852.33,Lazer
2023-04,7070,4035.66,3032.52,Lazer
2023-05,7070,5526.65,3615.71,Lazer
2023-06,7070,3323.83,2783.19,Aluguel
2023-07,7070,3465.19,3163.23,Transporte
2023-08,7070,4713.05,1942.61,Lazer
2023-09,7070,5779.36,3246.71,Transporte
2023-10,7070,4655.11,3575.99,Educação
2023-11,7070,3092.88,1909.38,Aluguel
2023-12,7070,4188.5,2061.57,Aluguel
2023-01,7071,2970.3,1903.46,Alimentação
2023-02,7071,2935.53,3007.01,Aluguel
2023-03,7071,5400.89,3214.36,Transporte
2023-04,7071,3643.37,2850.11,Transporte
2023-05,7071,2461.54,2246.48,Lazer
2023-06,7071,4967.19,2713.1,Aluguel
2023-07,7071,5194.97,2143.87,Lazer
2023-08,7071,4782.44,3347.87,Transporte
2023-09,7071,1874.22,3570.28,Aluguel
2023-10,7071,5242.64,3339.87,Lazer
2023-11,7071,2491.48,2912.15,Educação
2023-12,7071,5178.38,2499.91,Educação
2023-01,7072,3971.38,2109.79,Lazer
2023-02,7072,2323.6,2194.18,Educação
2023-03,7072,3192.9,,Lazer
2023-04,7072,4207.16,2231.45,Aluguel
2023-05,7072,2586.16,2799.39,Aluguel
2023-06,7072,2129.03,2861.33,Aluguel
2023-07,7072,4133.18,1315.88,Educação
2023-08,7072,3007.64,2375.81,Alimentação
2023-09,7072,2912.88,2461.82,Alimentação
2023-10,7072,3935.83,559.7,Lazer
2023-11,7072,4135.47,3941.01,Alimentação
2023-12,7072,2040.42,2504.11,Educação
2023-01,7073,5177.38,1787.04,Transporte
2023-02,7073,3522.56,2276.5,Alimentação
2023-03,7073,4169.96,2543.79,Lazer
2023-04,7073,4290.31,1865.46,Aluguel
2023-05,7073,3504.15,3769.11,Aluguel
2023-06,7073,3517.21,,Educação
2023-07,7073,3723.26,,Alimentação
2023-08,7073,2747.19,4138.91,Lazer
2023-09,7073,4061.24,,Aluguel
2023-10,7073,2593.8,2101.75,Educação
2023-11,7073,3308.88,1951.32,Transporte
2023-12,7073,4072.5,2589.62,Educação
2023-01,7074,2896.34,3384.35,Alimentação
2023-02,7074,4361.55,2177.38,Aluguel
2023-03,7074,1787.27,3219.64,Educação
2023-04,7074,2480.39,3082.34,Transporte
2023-05,7074,2503.58,2151.91,Lazer
2023-06,7074,3779.25,2608.36,Aluguel
2023-07,7074,4021.75,4173.56,Educação
2023-08,7074,2753.26,2960.85,Educação
2023-09,7074,4000.19,1826.93,Alimentação
2023-10,7074,4698.83,2194.75,Aluguel
2023-11,7074,4176.85,3362.44,Aluguel
2023-12,7074,2836.32,1540.81,Aluguel
2023-01,7075,5564.05,1596.13,Aluguel
2023-02,7075,3756.82,2314.46,Alimentação
2023-03,7075,2235.85,3078.55,Aluguel
2023-04,7075,3318.76,4153.32,Transporte
2023-05,7075,4855.37,1761.81,Alimentação
2023-06,7075,4240.28,3438.13,Aluguel
2023-07,7075,3709.75,2590.74,Alimentação
2023-08,7075,2322.22,1601.53,Aluguel
2023-09,7075,1965.81,2142.77,Transporte
2023-10,7075,3539.43,979.79,Alimentação
2023-11,7075,4494.52,1121.8,Lazer
2023-12,7075,3083.34,2090.36,Educação
2023-01,7076,3494.41,1614.56,Aluguel
2023-02,7076,3454.5,2933.46,Educação
2023-03,7076,4236.13,2288.54,Educação
2023-04,7076,5129.27,3948.2,Aluguel
2023-05,7076,1117.73,3150.85,Aluguel
2023-06,7076,4056.13,2025.41,Educação
2023-07,7076,5246.76,2160.1,Transporte
2023-08,7076,3908.26,1826.4,Lazer
2023-09,7076,4380.61,2139.11,Aluguel
2023-10,7076,5133.8,1294.83,Transporte
2023-11,7076,4539.43,1899.43,Aluguel
2023-12,7076,3221.65,1336.05,Aluguel
2023-01,7077,3818.36,3035.6,Educação
2023-02,7077,1188.68,1294.89,Lazer
2023-03,7077,2719.43,3116.52,Educação
2023-04,7077,4106.01,1745.23,Aluguel
2023-05,7077,2939.31,2879.23,Transporte
2023-06,7077,2261.36,1668.22,Educação
2023-07,7077,3950.29,781.72,Alimentação
2023-08,7077,2909.14,1342.89,Educação
2023-09,7077,2490.69,2858.33,Aluguel
2023-10,7077,2412.48,2852.36,Transporte
2023-11,7077,2247.67,2667.05,Educação
2023-12,7077,3898.79,2798.16,Aluguel
2023-01,7078,3386.08,2375.39,Transporte
2023-02,7078,4323.26,2357.78,Aluguel
2023-03,7078,3052.5,3159.58,Educação
2023-04,7078,2972.48,1617.95,Alimentação
2023-05,7078,5699.73,3211.29,Aluguel
2023-06,7078,3935.86,2919.54,Educação
2023-07,7078,3653.88,3338.59,Educação
2023-08,7078,3148.01,2501.2,Lazer
2023-09,7078,2581.99,3264.34,Educação
2023-10,7078,4113.61,2670.42,Transporte
2023-11,7078,4369.54,2566.95,Lazer
2023-12,7078,1711.25,2551.68,Transporte
2023-01,7079,5753.91,2355.0,Educação
2023-02,7079,4161.45,989.94,Educação
2023-03,7079,3311.79,2257.05,Aluguel
2023-04,7079,3279.58,1763.5,Transporte
2023-05,7079,2514.57,3112.3,Lazer
2023-06,7079,3237.71,3077.11,Transporte
2023-07,7079,3364.35,1990.83,Aluguel
2023-08,7079,3038.63,2593.73,Educação
2023-09,7079,3781.28,2640.11,Aluguel
2023-10,7079,3312.07,2163.84,Alimentação
2023-11,7079,3089.99,1841.72,Lazer
2023-12,7079,4151.43,3171.8,Aluguel
2023-01,7080,2117.17,2491.24,Educação
2023-02,7080,4850.34,2099.67,Transporte
2023-03,7080,4312.48,3196.1,Transporte
2023-04,7080,3364.89,2853.03,Educação
2023-05,7080,3424.35,2927.95,Transporte
2023-06,7080,3559.74,1505.36,Alimentação
2023-07,7080,2915.83,1715.69,Transporte
2023-08,7080,4778.83,2026.24,Transporte
2023-09,7080,2416.52,2784.37,Educação
2023-10,7080,3002.74,2269.16,Aluguel
2023-11,7080,3567.53,2814.02,Lazer
2023-12,7080,3384.02,2750.93,Alimentação
2023-01,7081,4120.62,3084.4,Transporte
2023-02,7081,3490.56,2636.62,Alimentação
2023-03,7081,4158.43,1532.19,Alimentação
2023-04,7081,3653.21,2485.37,Aluguel
2023-05,7081,4220.06,2199.83,Educação
2023-06,7081,4265.72,1631.39,Alimentação
2023-07,7081,4159.82,2294.49,Lazer
2023-08,7081,4590.8,3530.39,Lazer
2023-09,7081,3675.68,2323.06,Alimentação
2023-10,7081,5001.94,1948.64,Lazer
2023-11,7081,2978.22,2587.53,Alimentação
2023-12,7081,3701.66,3210.67,Alimentação
2023-01,7082,4857.29,1898.57,Educação
2023-02,7082,3537.99,2691.59,Transporte
2023-03,7082,3742.03,1671.87,Aluguel
2023-04,7082,2557.32,2265.31,Educação
2023-05,7082,4381.34,2076.83,Aluguel
2023-06,7082,3953.24,1900.2,Transporte
2023-07,7082,2972.37,3353.41,Transporte
2023-08,7082,3429.94,4314.61,Educação
2023-09,7082,2085.2,3389.11,Educação
2023-10,7082,3415.59,2925.89,Transporte
2023-11,7082,2463.87,2068.02,Aluguel
2023-12,7082,2483.98,,Educação
2023-01,7083,3178.0,4470.97,Alimentação
2023-02,7083,224.54,3277.27,Aluguel
2023-03,7083,4003.81,2777.38,Transporte
2023-04,7083,2930.72,3498.23,Lazer
2023-05,7083,3536.1,2580.63,Lazer
2023-06,7083,1913.68,2942.3,Transporte
2023-07,7083,3263.09,1212.39,Alimentação
2023-08,7083,2810.76,1552.82,Educação
2023-09,7083,5341.19,1311.39,Alimentação
2023-10,7083,2980.83,2181.56,Lazer
2023-11,7083,3782.02,817.11,Alimentação
2023-12,7083,2887.51,3472.49,Aluguel
2023-01,7084,4306.36,1914.09,Transporte
2023-02,7084,3234.34,,Alimentação
2023-03,7084,3270.68,1516.21,Lazer
2023-04,7084,3717.15,2497.67,Alimentação
2023-05,7084,4942.62,3016.82,Lazer
2023-06,7084,3049.6,2444.83,Aluguel
2023-07,7084,2213.32,2604.83,Alimentação
2023-08,7084,4260.1,2667.1,Alimentação
2023-09,7084,5418.52,2068.51,Lazer
2023-10,7084,2411.33,2682.98,Educação
2023-11,7084,4861.65,2786.45,Aluguel
2023-12,7084,4456.97,2346.86,Aluguel
2023-01,7085,5277.47,2343.99,Educação
2023-02,7085,5101.65,2701.03,Aluguel
2023-03,7085,2585.79,2247.1,Educação
2023-04,7085,2418.59,2963.92,Alimentação
2023-05,7085,3914.96,1545.2,Aluguel
2023-06,7085,4979.97,2378.05,Transporte
2023-07,7085,3488.47,2538.99,Lazer
2023-08,7085,3957.0,2441.33,Transporte
2023-09,7085,4048.44,2951.12,Lazer
2023-10,7085,3737.69,1794.68,Lazer
2023-11,7085,2737.4,3233.72,Transporte
2023-12,7085,2089.98,3524.27,Educação
2023-01,7086,3853.63,2830.38,Transporte
2023-02,7086,3296.29,2435.77,Transporte
2023-03,7086,3730.66,1715.94,Aluguel
2023-04,7086,2978.21,1730.45,Lazer
2023-05,7086,1917.7,869.57,Alimentação
2023-06,7086,3529.39,1374.45,Transporte
2023-07,7086,3841.1,4060.68,Alimentação
2023-08,7086,3260.55,1336.26,Aluguel
2023-09,7086,3912.98,1016.52,Educação
2023-10,7086,1395.85,1404.84,Alimentação
2023-11,7086,2792.83,1979.7,Aluguel
2023-12,7086,4564.9,1369.14,Lazer
2023-01,7087,2936.95,1529.47,Alimentação
2023-02,7087,2558.32,3048.04,Aluguel
2023-03,7087,3743.87,3920.11,Alimentação
2023-04,7087,2791.97,2398.14,Aluguel
2023-05,7087,4811.87,2013.46,Lazer
2023-06,7087,2257.53,3200.51,Educação
2023-07,7087,4774.38,1169.72,Alimentação
2023-08,7087,3694.16,569.52,Lazer
2023-09,7087,3747.58,2060.68,Transporte
2023-10,7087,3364.11,2348.47,Transporte
2023-11,7087,3904.12,2825.23,Transporte
2023-12,7087,4995.56,2958.71,Educação
2023-01,7088,2383.72,3120.37,Lazer
2023-02,7088,2443.58,1997.59,Lazer
2023-03,7088,3882.96,1934.83,Educação
2023-04,7088,2207.78,1415.07,Aluguel
2023-05,7088,2675.53,2599.18,Alimentação
2023-06,7088,1974.27,1791.01,Educação
2023-07,7088,3224.71,3062.78,Transporte
2023-08,7088,2551.89,2447.43,Transporte
2023-09,7088,2553.83,767.28,Transporte
2023-10,7088,4094.09,2231.64,Aluguel
2023-11,7088,3347.97,1491.4,Educação
2023-12,7088,4213.01,1434.8,Transporte
2023-01,7089,3613.52,4181.9,Educação
2023-02,7089,3420.52,1678.05,Transporte
2023-03,7089,3336.13,3302.51,Aluguel
2023-04,7089,1622.84,1180.4,Educação
2023-05,7089,2216.93,1210.14,Transporte
2023-06,7089,2648.36,3361.24,Educação
2023-07,7089,4330.53,1882.46,Aluguel
2023-08,7089,2561.77,3952.71,Alimentação
2023-09,7089,2636.53,3495.59,Alimentação
2023-10,7089,5981.83,2688.13,Lazer
2023-11,7089,3038.33,3298.78,Alimentação
2023-12,7089,4328.69,3124.04,Alimentação
2023-01,7090,3815.7,2885.57,Alimentação
2023-02,7090,3902.24,1194.31,Alimentação
2023-03,7090,3123.47,2922.21,Educação
2023-04,7090,2559.16,1845.53,Transporte
2023-05,7090,3909.71,2492.27,Alimentação
2023-06,7090,2227.26,3764.31,Educação
2023-07,7090,4546.19,2913.71,Transporte
2023-08,7090,2797.13,2436.49,Lazer
2023-09,7090,3134.71,1260.96,Educação
2023-10,7090,4880.45,3656.69,Educação
2023-11,7090,3025.08,4144.34,Aluguel
2023-12,7090,1942.25,1745.51,Aluguel
2023-01,7091,3711.86,2587.69,Educação
2023-02,7091,1739.23,4113.47,Alimentação
2023-03,7091,3154.4,2408.57,Lazer
2023-04,7091,3230.05,3063.79,Aluguel
2023-05,7091,4415.03,1912.15,Educação
2023-06,7091,3836.82,1746.81,Aluguel
2023-07,7091,2972.3,1816.38,Educação
2023-08,7091,2164.82,2399.54,Aluguel
2023-09,7091,3564.2,2975.19,Educação
2023-10,7091,4467.45,912.45,Alimentação
2023-11,7091,2265.99,2082.35,Transporte
2023-12,7091,3946.19,2452.27,Lazer
2023-01,7092,4108.39,3574.24,Educação
2023-02,7092,3626.23,,Transporte
2023-03,7092,4846.96,2742.14,Aluguel
2023-04,7092,4158.54,2850.81,Aluguel
2023-05,7092,4757.27,1545.41,Lazer
2023-06,7092,2951.06,2381.77,Educação
2023-07,7092,2891.23,2322.91,Transporte
2023-08,7092,5066.02,2276.29,Transporte
2023-09,7092,3411.93,2722.53,Aluguel
2023-10,7092,2964.3,2360.27,Lazer
2023-11,7092,3857.11,2945.39,Educação
2023-12,7092,4248.96,3837.96,Alimentação
2023-01,7093,4324.83,3888.76,Educação
2023-02,7093,1197.25,2888.41,Alimentação
2023-03,7093,3898.17,2260.86,Lazer
2023-04,7093,2609.17,2591.76,Lazer
2023-05,7093,4046.06,2138.83,Lazer
2023-06,7093,4286.15,1527.17,Alimentação
2023-07,7093,3399.1,1848.2,Transporte
2023-08,7093,4167.9,1341.94,Aluguel
2023-09,7093,3202.16,1472.13,Aluguel
2023-10,7093,4350.48,1302.97,Lazer
2023-11,7093,3603.57,3818.76,Aluguel
2023-12,7093,3137.56,2991.17,Educação
2023-01,7094,2073.26,2956.91,Transporte
2023-02,7094,3815.25,,Educação
2023-03,7094,3982.23,1994.79,Transporte
2023-04,7094,4256.07,3069.74,Lazer
2023-05,7094,2921.64,2450.32,Transporte
2023-06,7094,2602.68,1830.87,Aluguel
2023-07,7094,2697.04,1816.78,Aluguel
2023-08,7094,3778.02,2150.3,Aluguel
2023-09,7094,3670.83,2297.32,Educação
2023-10,7094,3192.28,2370.11,Lazer
2023-11,7094,3414.68,2579.62,Alimentação
2023-12,7094,5798.8,2115.64,Lazer
2023-01,7095,3736.9,4266.6,Transporte
2023-02,7095,4524.88,1786.91,Lazer
2023-03,7095,3046.8,4015.8,Lazer
2023-04,7095,4880.81,3646.6,Alimentação
2023-05,7095,3623.46,2250.55,Educação
2023-06,7095,3639.97,3266.52,Transporte
2023-07,7095,2216.19,2510.01,Educação
2023-08,7095,4845.28,2029.98,Alimentação
2023-09,7095,2754.15,2813.2,Educação
2023-10,7095,1212.08,2694.88,Aluguel
2023-11,7095,3912.37,1881.66,Aluguel
2023-12,7095,2819.06,2613.06,Lazer
2023-01,7096,3716.4,,Alimentação
2023-02,7096,4498.3,2566.17,Transporte
2023-03,7096,4010.33,3138.84,Alimentação
2023-04,7096,2725.76,2398.8,Educação
2023-05,7096,5375.72,1603.15,Alimentação
2023-06,7096,3859.94,2022.32,Aluguel
2023-07,7096,3521.02,3787.12,Transporte
2023-08,7096,3561.13,1396.84,Educação
2023-09,7096,5743.57,4164.82,Transporte
2023-10,7096,4173.18,2863.41,Aluguel
2023-11,7096,4266.64,2665.48,Educação
2023-12,7096,2600.1,3468.01,Educação
2023-01,7097,4314.98,2393.94,Alimentação
2023-02,7097,5927.77,2968.39,Aluguel
2023-03,7097,4185.42,2828.42,Lazer
2023-04,7097,39.02,2217.79,Aluguel
2023-05,7097,3673.85,1764.62,Transporte
2023-06,7097,4239.71,2395.43,Alimentação
2023-07,7097,4873.14,3626.82,Aluguel
2023-08,7097,2531.99,2662.79,Lazer
2023-09,7097,1727.01,3364.95,Educação
2023-10,7097,4676.97,2519.55,Educação
2023-11,7097,4641.91,3251.79,Alimentação
2023-12,7097,6114.6,2620.15,Alimentação
2023-01,7098,2249.87,3235.8,Educação
2023-02,7098,3226.81,2664.02,Lazer
2023-03,7098,3221.44,3450.23,Aluguel
2023-04,7098,2063.95,2466.76,Transporte
2023-05,7098,3666.53,3257.79,Transporte
2023-06,7098,1657.54,2630.09,Alimentação
2023-07,7098,3798.27,1713.46,Transporte
2023-08,7098,2975.81,2917.84,Educação
2023-09,7098,4970.96,1615.96,Lazer
2023-10,7098,5376.88,3137.12,Transporte
2023-11,7098,4040.76,2296.45,Transporte
2023-12,7098,3239.57,1048.23,Alimentação
2023-01,7099,4859.87,,Lazer
2023-02,7099,1961.0,2809.56,Alimentação
2023-03,7099,3099.98,3227.14,Educação
2023-04,7099,4804.04,3256.82,Alimentação
2023-05,7099,2798.34,3243.67,Lazer
2023-06,7099,2791.03,2190.76,Lazer
2023-07,7099,2538.01,,Alimentação
2023-08,7099,3301.59,2371.38,Lazer
2023-09,7099,3378.97,3054.97,Transporte
2023-10,7099,2305.27,2065.87,Alimentação
2023-11,7099,3420.5,2648.84,Educação
2023-12,7099,3988.62,2386.48,Educação
2023-01,7100,1472.68,2389.52,Alimentação
2023-02,7100,3795.15,1659.41,Lazer
2023-03,7100,3147.03,2016.91,Educação
2023-04,7100,4249.02,1702.73,Transporte
2023-05,7100,4306.96,2787.53,Transporte
2023-06,7100,4309.14,2169.49,Alimentação
2023-07,7100,4793.84,3030.79,Lazer
2023-08,7100,3800.68,1493.05,Alimentação
2023-09,7100,4684.27,3478.29,Lazer
2023-10,7100,3773.15,1939.47,Aluguel
2023-11,7100,1662.6,2136.27,Alimentação
2023-12,7100,4732.21,2505.52,Alimentação
2023-01,7101,5222.82,,Alimentação
2023-02,7101,939.8,2136.73,Transporte
2023-03,7101,2148.56,3291.57,Educação
2023-04,7101,1170.39,2269.32,Aluguel
2023-05,7101,2259.1,2233.25,Transporte
2023-06,7101,2092.76,2127.09,Lazer
2023-07,7101,5171.58,1717.9,Educação
2023-08,7101,4470.4,2427.88,Alimentação
2023-09,7101,3795.27,2982.82,Aluguel
2023-10,7101,2541.56,3207.26,Transporte
2023-11,7101,2737.2,2867.08,Educação
2023-12,7101,3684.11,1782.12,Educação
2023-01,7102,2560.72,2686.81,Transporte
2023-02,7102,2889.29,4105.8,Alimentação
2023-03,7102,3235.87,2665.55,Aluguel
2023-04,7102,3142.63,1381.13,Lazer
2023-05,7102,2519.42,2652.32,Aluguel
2023-06,7102,5596.79,1999.31,Alimentação
2023-07,7102,2571.54,2662.13,Aluguel
2023-08,7102,4267.73,2909.31,Educação
2023-09,7102,3948.32,2425.58,Aluguel
2023-10,7102,3857.24,3387.08,Alimentação
2023-11,7102,4059.17,3425.21,Aluguel
2023-12,7102,3983.36,2437.56,Alimentação
2023-01,7103,2006.79,2859.0,Aluguel
2023-02,7103,3398.48,2585.75,Aluguel
2023-03,7103,3782.82,2891.69,Alimentação
2023-04,7103,3332.32,2431.35,Aluguel
2023-05,7103,2256.8,3037.87,Lazer
2023-06,7103,3119.05,3378.66,Educação
2023-07,7103,3782.63,1956.42,Alimentação
2023-08,7103,2834.82,2827.54,Alimentação
2023-09,7103,3062.2,2714.38,Alimentação
2023-10,7103,2851.55,1781.12,Educação
2023-11,7103,3414.37,2745.06,Alimentação
2023-12,7103,4236.68,2637.64,Educação
2023-01,7104,3191.39,2487.93,Aluguel
2023-02,7104,4073.65,3108.35,Transporte
2023-03,7104,2238.96,1826.51,Alimentação
2023-04,7104,4142.12,1427.22,Transporte
2023-05,7104,3253.26,2188.68,Lazer
2023-06,7104,4646.85,2573.31,Alimentação
2023-07,7104,3633.35,2170.22,Transporte
2023-08,7104,606.69,3003.27,Aluguel
2023-09,7104,1994.65,1905.36,Aluguel
2023-10,7104,2568.73,2633.13,Educação
2023-11,7104,2375.36,1714.87,Transporte
2023-12,7104,2281.12,1921.24,Lazer
2023-01,7105,3940.44,3463.87,Aluguel
2023-02,7105,3177.13,1466.14,Aluguel
2023-03,7105,4194.98,,Transporte
2023-04,7105,4487.82,3143.63,Alimentação
2023-05,7105,3680.33,2894.17,Transporte
2023-06,7105,3638.18,2088.46,Alimentação
2023-07,7105,2774.17,1904.82,Transporte
2023-08,7105,3507.7,2931.83,Transporte
2023-09,7105,3192.75,2750.57,Transporte
2023-10,7105,3749.76,3918.92,Educação
2023-11,7105,3918.15,2905.97,Transporte
2023-12,7105,3909.67,1959.95,Alimentação
2023-01,7106,3601.01,2578.36,Transporte
2023-02,7106,3344.62,2461.4,Alimentação
2023-03,7106,1743.43,1041.52,Transporte
2023-04,7106,2976.65,2046.2,Lazer
2023-05,7106,3510.08,2821.23,Aluguel
2023-06,7106,2013.23,3826.01,Aluguel
2023-07,7106,4316.68,2517.18,Transporte
2023-08,7106,2308.72,,Alimentação
2023-09,7106,5125.71,1164.85,Aluguel
2023-10,7106,3590.91,2335.8,Aluguel
2023-11,7106,3783.6,1753.99,Lazer
2023-12,7106,2506.79,1910.65,Alimentação
2023-01,7107,3338.84,2058.14,Alimentação
2023-02,7107,3964.81,3795.32,Alimentação
2023-03,7107,4490.67,2801.07,Aluguel
2023-04,7107,2670.65,3012.43,Alimentação
2023-05,7107,3505.39,1864.46,Lazer
2023-06,7107,3383.24,2060.93,Alimentação
2023-07,7107,3619.76,2910.42,Aluguel
2023-08,7107,4857.48,1905.73,Educação
2023-09,7107,2115.22,2434.63,Alimentação
2023-10,7107,3326.0,3000.75,Aluguel
2023-11,7107,4399.22,2234.51,Aluguel
2023-12,7107,4744.9,2587.73,Aluguel
2023-01,7108,3925.58,1522.29,Educação
2023-02,7108,3577.3,2986.19,Lazer
2023-03,7108,3144.04,1534.1,Lazer
2023-04,7108,1931.74,1169.06,Lazer
2023-05,7108,2876.59,925.23,Alimentação
2023-06,7108,3022.23,1772.47,Transporte
2023-07,7108,2012.44,2149.46,Transporte
2023-08,7108,4781.87,567.36,Transporte
2023-09,7108,4189.42,1815.26,Alimentação
2023-10,7108,3532.9,3547.97,Aluguel
2023-11,7108,4090.49,2001.68,Transporte
2023-12,7108,2517.05,2647.05,Alimentação
2023-01,7109,2140.03,3119.82,Lazer
2023-02,7109,5171.95,3455.39,Aluguel
2023-03,7109,1838.81,3138.06,Aluguel
2023-04,7109,2294.24,1314.65,Educação
2023-05,7109,3835.57,1345.43,Alimentação
2023-06,7109,3892.33,3335.97,Educação
2023-07,7109,3787.32,3681.06,Educação
2023-08,7109,3894.13,1315.5,Transporte
2023-09,7109,4206.37,2148.65,Transporte
2023-10,7109,4170.67,3195.48,Educação
2023-11,7109,2154.9,3470.97,Transporte
2023-12,7109,5274.99,2639.54,Aluguel
2023-01,7110,1766.78,3211.08,Lazer
2023-02,7110,1351.78,2688.15,Alimentação
2023-03,7110,3444.53,1677.4,Educação
2023-04,7110,3559.11,1949.1,Transporte
2023-05,7110,5621.24,2647.33,Lazer
2023-06,7110,3502.54,2487.74,Aluguel
2023-07,7110,3656.13,2559.66,Educação
2023-08,7110,3779.96,2154.31,Alimentação
2023-09,7110,3641.01,3432.22,Educação
2023-10,7110,3588.23,3043.31,Aluguel
2023-11,7110,5255.23,2769.32,Alimentação
2023-12,7110,2206.87,1532.34,Educação
2023-01,7111,1542.91,3149.0,Lazer
2023-02,7111,2778.75,1761.29,Aluguel
2023-03,7111,2217.56,3567.12,Lazer
2023-04,7111,3283.24,2911.17,Lazer
2023-05,7111,2555.56,2056.69,Educação
2023-06,7111,5017.53,2171.38,Transporte
2023-07,7111,4687.88,1319.2,Aluguel
2023-08,7111,4399.03,2668.46,Lazer
2023-09,7111,3369.02,1469.95,Transporte
2023-10,7111,4818.9,1120.81,Lazer
2023-11,7111,3231.65,3376.62,Lazer
2023-12,7111,4223.46,2795.11,Alimentação
2023-01,7112,5077.92,2238.18,Educação
2023-02,7112,4293.36,1861.42,Transporte
2023-03,7112,3947.89,3439.88,Aluguel
2023-04,7112,3274.3,2915.08,Lazer
2023-05,7112,3691.24,1133.73,Aluguel
2023-06,7112,5110.14,2639.98,Educação
2023-07,7112,2776.7,1682.38,Alimentação
2023-08,7112,3827.06,2844.9,Transporte
2023-09,7112,4550.72,664.56,Transporte
2023-10,7112,3076.56,2213.57,Aluguel
2023-11,7112,3980.49,2268.34,Educação
2023-12,7112,3881.01,2999.18,Aluguel
2023-01,7113,3447.13,2363.13,Transporte
2023-02,7113,3742.97,2159.66,Transporte
2023-03,7113,2046.0,3633.76,Lazer
2023-04,7113,3439.77,2230.58,Educação
2023-05,7113,3647.3,1932.8,Alimentação
2023-06,7113,4059.11,2865.82,Aluguel
2023-07,7113,3008.21,1175.0,Educação
2023-08,7113,2899.88,1898.84,Alimentação
2023-09,7113,4140.28,2334.15,Lazer
2023-10,7113,4218.54,4455.85,Educação
2023-11,7113,4133.35,1849.19,Alimentação
2023-12,7113,3591.18,2398.6,Lazer
2023-01,7114,5052.38,2213.92,Aluguel
2023-02,7114,3286.86,2481.44,Lazer
2023-03,7114,3244.16,2682.12,Alimentação
2023-04,7114,3588.61,1631.51,Lazer
2023-05,7114,3824.01,712.33,Alimentação
2023-06,7114,3064.66,2375.0,Educação
2023-07,7114,3404.6,3003.6,Lazer
2023-08,7114,2801.64,2497.92,Lazer
2023-09,7114,4953.08,3559.46,Aluguel
2023-10,7114,4062.72,2023.06,Alimentação
2023-11,7114,4564.53,2797.1,Educação
2023-12,7114,2752.03,1450.02,Educação
2023-01,7115,2968.07,2166.64,Alimentação
2023-02,7115,2464.22,2461.53,Aluguel
2023-03,7115,4582.66,1662.68,Aluguel
2023-04,7115,3869.14,4010.05,Alimentação
2023-05,7115,3667.49,2667.31,Transporte
2023-06,7115,3729.2,1678.29,Educação
2023-07,7115,3453.96,2536.9,Educação
2023-08,7115,2650.83,3193.56,Transporte
2023-09,7115,2637.07,3369.75,Aluguel
2023-10,7115,5141.6,,Educação
2023-11,7115,2826.45,,Alimentação
2023-12,7115,3045.41,,Educação
2023-01,7116,1842.66,2412.31,Lazer
2023-02,7116,512.96,1237.79,Aluguel
2023-03,7116,3959.9,1846.93,Aluguel
2023-04,7116,3233.5,3073.91,Educação
2023-05,7116,2971.89,2748.6,Alimentação
2023-06,7116,1992.08,2100.67,Transporte
2023-07,7116,3685.36,2362.41,Educação
2023-08,7116,2854.85,2485.55,Alimentação
2023-09,7116,3946.34,2891.83,Aluguel
2023-10,7116,4402.59,2101.38,Alimentação
2023-11,7116,3644.92,1444.47,Educação
2023-12,7116,2928.71,1311.99,Lazer
2023-01,7117,1876.42,2875.69,Aluguel
2023-02,7117,4624.04,2671.83,Transporte
2023-03,7117,3812.61,2983.5,Alimentação
2023-04,7117,4062.59,1657.53,Alimentação
2023-05,7117,2966.42,1743.1,Transporte
2023-06,7117,3526.06,1808.87,Aluguel
2023-07,7117,3544.13,,Transporte
2023-08,7117,5725.86,2725.15,Lazer
2023-09,7117,4541.34,3363.08,Aluguel
2023-10,7117,4095.81,2848.06,Aluguel
2023-11,7117,2867.69,2948.04,Aluguel
2023-12,7117,1318.81,2387.55,Transporte
2023-01,7118,1534.03,1571.71,Alimentação
2023-02,7118,2836.14,2318.62,Aluguel
2023-03,7118,2897.15,2684.3,Educação
2023-04,7118,3839.27,153.53,Aluguel
2023-05,7118,4192.15,2811.28,Educação
2023-06,7118,2763.7,2356.71,Lazer
2023-07,7118,3959.29,1938.96,Educação
2023-08,7118,4556.18,3291.98,Transporte
2023-09,7118,2795.66,2560.92,Alimentação
2023-10,7118,3799.08,2386.36,Transporte
2023-11,7118,3516.37,1690.3,Alimentação
2023-12,7118,3297.22,3485.7,Educação
2023-01,7119,1539.0,3277.74,Transporte
2023-02,7119,4395.88,3821.08,Transporte
2023-03,7119,2314.54,3566.17,Alimentação
2023-04,7119,4058.63,3624.15,Transporte
2023-05,7119,4626.5,4517.74,Alimentação
2023-06,7119,1499.83,3092.61,Educação
2023-07,7119,3517.64,3086.25,Alimentação
2023-08,7119,2136.61,3404.83,Aluguel
2023-09,7119,4578.14,2587.7,Aluguel
2023-10,7119,5028.1,1525.56,Transporte
2023-11,7119,4851.87,2788.39,Lazer
2023-12,7119,3975.91,1927.76,Lazer
2023-01,7120,3008.1,1890.55,Lazer
2023-02,7120,3006.35,2296.6,Transporte
2023-03,7120,4047.72,1407.13,Aluguel
2023-04,7120,4282.89,2854.24,Transporte
2023-05,7120,4036.38,2793.8,Transporte
2023-06,7120,4353.66,1523.6,Lazer
2023-07,7120,2792.07,2873.08,Lazer
2023-08,7120,2638.47,,Aluguel
2023-09,7120,5739.37,2613.03,Aluguel
2023-10,7120,4636.81,2256.2,Educação
2023-11,7120,1617.99,1690.95,Educação
2023-12,7120,3058.17,2523.71,Alimentação
2023-01,7121,4209.98,1344.68,Lazer
2023-02,7121,705.75,4007.71,Lazer
2023-03,7121,3497.71,3458.0,Alimentação
2023-04,7121,3344.51,1950.25,Transporte
2023-05,7121,3281.75,2527.21,Transporte
2023-06,7121,2746.21,1123.32,Transporte
2023-07,7121,5170.7,2125.71,Transporte
2023-08,7121,4865.32,3445.31,Transporte
2023-09,7121,3127.75,2208.56,Alimentação
2023-10,7121,5277.44,2256.27,Transporte
2023-11,7121,4672.15,3126.67,Transporte
2023-12,7121,3787.3,3407.08,Educação
2023-01,7122,4630.93,1625.65,Aluguel
2023-02,7122,1752.29,2782.71,Aluguel
2023-03,7122,2120.23,2121.71,Lazer
2023-04,7122,3732.56,1753.02,Lazer
2023-05,7122,1573.32,1695.29,Alimentação
2023-06,7122,3738.11,2004.8,Transporte
2023-07,7122,6426.41,2741.39,Alimentação
2023-08,7122,4012.42,2195.96,Educação
2023-09,7122,2927.52,2555.81,Educação
2023-10,7122,3170.28,2340.32,Aluguel
2023-11,7122,3393.43,2081.68,Lazer
2023-12,7122,1856.99,2359.93,Transporte
2023-01,7123,4181.05,2035.44,Transporte
2023-02,7123,4050.58,,Transporte
2023-03,7123,4179.26,1488.09,Aluguel
2023-04,7123,3994.56,3147.99,Aluguel
2023-05,7123,2790.9,1673.96,Aluguel
2023-06,7123,3655.11,,Transporte
2023-07,7123,3364.59,2517.45,Aluguel
2023-08,7123,2396.54,2923.96,Aluguel
2023-09,7123,5422.31,3689.05,Lazer
2023-10,7123,2764.76,2960.52,Transporte
2023-11,7123,3842.37,2375.72,Alimentação
2023-12,7123,2698.14,,Lazer
2023-01,7124,5785.29,2405.72,Aluguel
2023-02,7124,2672.27,,Transporte
2023-03,7124,3796.61,3565.04,Educação
2023-04,7124,4098.15,2380.45,Transporte
2023-05,7124,1778.34,1326.16,Alimentação
2023-06,7124,3804.23,3038.56,Educação
2023-07,7124,3983.75,1770.59,Alimentação
2023-08,7124,1270.7,2547.9,Lazer
2023-09,7124,4323.65,2415.51,Educação
2023-10,7124,4515.94,2338.24,Educação
2023-11,7124,2361.89,2595.82,Transporte
2023-12,7124,3627.16,3013.71,Lazer
2023-01,7125,3802.44,2680.97,Lazer
2023-02,7125,3379.47,2650.81,Aluguel
2023-03,7125,2454.37,,Aluguel
2023-04,7125,3063.45,2847.77,Aluguel
2023-05,7125,4948.11,2835.78,Alimentação
2023-06,7125,3563.3,4293.82,Lazer
2023-07,7125,2439.59,1453.11,Aluguel
2023-08,7125,3909.93,3469.43,Alimentação
2023-09,7125,2606.37,1721.48,Aluguel
2023-10,7125,2310.79,2912.58,Lazer
2023-11,7125,2192.57,3487.62,Aluguel
2023-12,7125,3289.47,3343.07,Lazer
2023-01,7126,3174.69,2128.32,Transporte
2023-02,7126,3788.77,3037.26,Alimentação
2023-03,7126,4373.4,,Alimentação
2023-04,7126,2210.53,2574.52,Alimentação
2023-05,7126,3255.12,2971.9,Transporte
2023-06,7126,2894.9,1533.69,Lazer
2023-07,7126,5136.43,2691.1,Lazer
2023-08,7126,2417.27,3565.59,Lazer
2023-09,7126,3353.44,,Alimentação
2023-10,7126,3106.16,2539.94,Lazer
2023-11,7126,4849.14,2572.46,Lazer
2023-12,7126,3601.26,2469.47,Transporte
2023-01,7127,4232.58,2178.49,Lazer
2023-02,7127,5744.09,1413.31,Educação
2023-03,7127,3953.62,2297.68,Transporte
2023-04,7127,2991.22,1955.72,Alimentação
2023-05,7127,4127.69,2777.26,Educação
2023-06,7127,3560.95,2795.53,Transporte
2023-07,7127,2782.36,728.19,Transporte
2023-08,7127,5535.69,2393.89,Educação
2023-09,7127,3903.92,1914.99,Lazer
2023-10,7127,3675.11,1798.33,Transporte
2023-11,7127,3687.42,3983.83,Transporte
2023-12,7127,5356.12,3656.5,Alimentação
2023-01,7128,2824.75,1289.26,Alimentação
2023-02,7128,3166.27,3883.75,Educação
2023-03,7128,1880.41,3034.85,Alimentação
2023-04,7128,2692.87,1609.47,Lazer
2023-05,7128,3699.72,2047.21,Alimentação
2023-06,7128,3169.4,2261.66,Alimentação
2023-07,7128,2567.88,3730.11,Transporte
2023-08,7128,4092.2,1779.08,Educação
2023-09,7128,2434.04,3905.19,Lazer
2023-10,7128,3922.08,2463.41,Educação
2023-11,7128,2915.77,2808.85,Educação
2023-12,7128,3817.78,2449.7,Alimentação
2023-01,7129,4562.02,1479.75,Lazer
2023-02,7129,1694.16,2707.13,Lazer
2023-03,7129,3252.31,2382.28,Educação
2023-04,7129,4564.38,3749.75,Lazer
2023-05,7129,1720.96,2966.66,Alimentação
2023-06,7129,4135.24,1798.5,Educação
2023-07,7129,1739.23,3282.87,Educação
2023-08,7129,2999.71,2779.85,Aluguel
2023-09,7129,3267.62,2355.85,Lazer
2023-10,7129,3416.57,2078.14,Alimentação
2023-11,7129,4082.54,1693.09,Educação
2023-12,7129,4396.85,2603.84,Aluguel
2023-01,7130,2188.95,,Alimentação
2023-02,7130,4706.91,2912.87,Lazer
2023-03,7130,3258.07,3428.22,Transporte
2023-04,7130,1840.09,2533.8,Aluguel
2023-05,7130,4380.32,3373.87,Transporte
2023-06,7130,4961.71,1220.29,Transporte
2023-07,7130,1621.87,1957.84,Aluguel
2023-08,7130,2432.3,2195.43,Lazer
2023-09,7130,4427.92,2372.77,Transporte
2023-10,7130,3862.71,2343.95,Lazer
2023-11,7130,4504.19,3151.54,Transporte
2023-12,7130,3747.58,3648.79,Lazer
2023-01,7131,3144.2,2469.73,Lazer
2023-02,7131,4237.65,3252.5,Lazer
2023-03,7131,2609.25,1661.47,Alimentação
2023-04,7131,4053.01,1753.81,Transporte
2023-05,7131,2648.96,1440.93,Educação
2023-06,7131,3198.76,2902.4,Educação
2023-07,7131,3627.33,3688.21,Lazer
2023-08,7131,3439.61,2526.95,Aluguel
2023-09,7131,3093.26,1260.13,Educação
2023-10,7131,4881.95,2450.39,Lazer
2023-11,7131,2200.26,2453.24,Alimentação
2023-12,7131,2708.66,2224.64,Lazer
2023-01,7132,3676.37,2205.83,Alimentação
2023-02,7132,2879.51,1339.49,Lazer
2023-03,7132,3203.94,2004.3,Transporte
2023-04,7132,3184.56,3145.42,Educação
2023-05,7132,3087.81,1942.58,Alimentação
2023-06,7132,2899.09,2366.27,Alimentação
2023-07,7132,4603.99,1587.18,Lazer
2023-08,7132,3551.33,3248.41,Aluguel
2023-09,7132,4089.91,2619.15,Aluguel
2023-10,7132,3740.23,4384.44,Transporte
2023-11,7132,1928.2,3794.07,Educação
2023-12,7132,5528.97,3593.81,Alimentação
2023-01,7133,4990.15,1893.19,Aluguel
2023-02,7133,1582.72,1356.07,Educação
2023-03,7133,4461.08,1886.74,Transporte
2023-04,7133,2153.05,1336.69,Transporte
2023-05,7133,3123.95,3720.64,Transporte
2023-06,7133,1367.67,1453.04,Aluguel
2023-07,7133,4612.4,2509.33,Educação
2023-08,7133,4188.99,4596.18,Alimentação
2023-09,7133,3759.96,1664.25,Aluguel
2023-10,7133,3811.84,2764.65,Aluguel
2023-11,7133,2755.5,3248.31,Aluguel
2023-12,7133,3712.47,2095.41,Educação
2023-01,7134,2396.44,3675.74,Lazer
2023-02,7134,4061.52,1494.12,Alimentação
2023-03,7134,3866.36,2901.19,Aluguel
2023-04,7134,3737.56,2387.73,Educação
2023-05,7134,2755.35,3573.19,Transporte
2023-06,7134,4126.95,1497.36,Alimentação
2023-07,7134,3206.43,2645.07,Aluguel
2023-08,7134,3827.16,2110.66,Educação
2023-09,7134,4404.63,3031.59,Alimentação
2023-10,7134,4539.27,1139.32,Alimentação
2023-11,7134,4231.38,2771.54,Aluguel
2023-12,7134,4861.84,3392.28,Aluguel
2023-01,7135,5191.54,3193.2,Aluguel
2023-02,7135,3983.4,2470.7,Transporte
2023-03,7135,2843.37,2359.22,Lazer
2023-04,7135,2568.32,2206.61,Aluguel
2023-05,7135,3870.95,3220.86,Alimentação
2023-06,7135,3849.21,3267.76,Lazer
2023-07,7135,4159.74,,Transporte
2023-08,7135,4391.23,2722.41,Educação
2023-09,7135,3250.15,2647.8,Transporte
2023-10,7135,3980.6,3163.93,Transporte
2023-11,7135,4179.83,2038.92,Aluguel
2023-12,7135,1691.08,3369.42,Aluguel
2023-01,7136,2269.62,2752.31,Transporte
2023-02,7136,4207.36,3935.97,Aluguel
2023-03,7136,3551.87,1911.21,Alimentação
2023-04,7136,4173.8,3453.98,Aluguel
2023-05,7136,4476.8,2045.44,Educação
2023-06,7136,1585.24,1849.82,Lazer
2023-07,7136,3788.31,1859.25,Aluguel
2023-08,7136,3037.13,1854.23,Educação
2023-09,7136,3900.65,2235.29,Alimentação
2023-10,7136,2928.59,1486.24,Aluguel
2023-11,7136,4054.59,2499.71,Lazer
2023-12,7136,3681.1,2363.09,Educação
2023-01,7137,3298.33,3374.37,Lazer
2023-02,7137,2794.63,4877.44,Aluguel
2023-03,7137,2179.75,1751.68,Alimentação
2023-04,7137,2419.61,,Aluguel
2023-05,7137,3753.44,2343.96,Educação
2023-06,7137,3367.5,2191.76,Alimentação
2023-07,7137,5353.74,3183.19,Alimentação
2023-08,7137,3603.32,1528.06,Lazer
2023-09,7137,1741.38,2285.21,Alimentação
2023-10,7137,5136.22,1139.64,Alimentação
2023-11,7137,3354.4,1602.24,Aluguel
2023-12,7137,3689.24,2975.94,Educação
2023-01,7138,3161.39,3396.05,Transporte
2023-02,7138,4094.76,3043.37,Educação
2023-03,7138,3704.29,2994.26,Educação
2023-04,7138,4036.08,,Lazer
2023-05,7138,3228.73,2644.65,Transporte
2023-06,7138,3255.99,2440.35,Lazer
2023-07,7138,2783.25,2993.77,Educação
2023-08,7138,4271.1,3081.18,Aluguel
2023-09,7138,4518.94,1497.62,Transporte
2023-10,7138,2794.65,2611.16,Transporte
2023-11,7138,2331.26,122.93,Educação
2023-12,7138,4519.19,2162.91,Educação
2023-01,7139,2149.65,,Alimentação
2023-02,7139,3588.2,1969.56,Educação
2023-03,7139,4546.66,2497.0,Alimentação
2023-04,7139,3551.38,770.66,Educação
2023-05,7139,3516.33,3350.33,Aluguel
2023-06,7139,3266.31,2076.15,Alimentação
2023-07,7139,3461.97,3157.45,Transporte
2023-08,7139,3534.44,1798.12,Transporte
2023-09,7139,1424.55,3553.62,Lazer
2023-10,7139,3127.99,2431.95,Educação
2023-11,7139,4818.03,2461.81,Lazer
2023-12,7139,2514.84,1013.23,Alimentação
2023-01,7140,3551.88,868.47,Lazer
2023-02,7140,3333.04,3059.39,Educação
2023-03,7140,5298.78,2424.69,Alimentação
2023-04,7140,3692.46,2954.67,Transporte
2023-05,7140,4152.17,2858.31,Alimentação
2023-06,7140,5581.16,3356.0,Educação
2023-07,7140,1807.14,2419.31,Alimentação
2023-08,7140,3684.33,2140.49,Educação
2023-09,7140,1397.85,2655.53,Lazer
2023-10,7140,3901.16,389.88,Transporte
2023-11,7140,3677.52,1543.13,Lazer
2023-12,7140,4361.79,2466.61,Educação
2023-01,7141,2982.13,2770.25,Transporte
2023-02,7141,3496.89,1036.16,Alimentação
2023-03,7141,3365.36,,Alimentação
2023-04,7141,3285.12,1920.11,Aluguel
2023-05,7141,3876.13,2464.93,Lazer
2023-06,7141,1384.54,2368.3,Alimentação
2023-07,7141,3635.55,2392.33,Alimentação
2023-08,7141,3301.28,2362.85,Transporte
2023-09,7141,2384.27,2206.17,Educação
2023-10,7141,5139.75,2445.96,Transporte
2023-11,7141,3012.46,1889.61,Aluguel
2023-12,7141,3764.23,3367.33,Transporte
2023-01,7142,3122.5,2954.79,Alimentação
2023-02,7142,3069.32,3017.34,Alimentação
2023-03,7142,1971.68,3704.42,Educação
2023-04,7142,5161.2,2691.09,Aluguel
2023-05,7142,3447.66,2326.13,Alimentação
2023-06,7142,3655.95,1665.07,Alimentação
2023-07,7142,4276.34,3276.33,Transporte
2023-08,7142,2542.66,2898.57,Transporte
2023-09,7142,4056.85,2367.0,Alimentação
2023-10,7142,3988.72,2667.91,Educação
2023-11,7142,2641.95,3209.39,Educação
2023-12,7142,5473.07,1923.2,Lazer
2023-01,7143,3849.27,1609.43,Transporte
2023-02,7143,3743.36,1643.82,Alimentação
2023-03,7143,3125.15,,Transporte
2023-04,7143,3624.42,2127.53,Transporte
2023-05,7143,4867.93,3262.02,Educação
2023-06,7143,3393.1,3811.47,Lazer
2023-07,7143,3264.9,3289.67,Educação
2023-08,7143,2631.7,3870.04,Lazer
2023-09,7143,4937.19,2439.73,Alimentação
2023-10,7143,3092.56,3323.24,Lazer
2023-11,7143,4105.58,2440.87,Lazer
2023-12,7143,3308.06,2377.26,Lazer
2023-01,7144,4373.51,2802.34,Alimentação
2023-02,7144,4519.16,,Transporte
2023-03,7144,1949.04,2006.77,Aluguel
2023-04,7144,5158.34,1703.9,Transporte
2023-05,7144,4196.97,2385.77,Educação
2023-06,7144,3776.82,3286.5,Transporte
2023-07,7144,5921.68,2990.27,Aluguel
2023-08,7144,3646.88,2630.36,Alimentação
2023-09,7144,3718.95,2548.39,Alimentação
2023-10,7144,5043.02,2388.74,Lazer
2023-11,7144,4149.05,2788.87,Lazer
2023-12,7144,3627.85,2414.62,Transporte
2023-01,7145,4424.79,3233.07,Alimentação
2023-02,7145,3617.8,,Transporte
2023-03,7145,3118.37,3166.24,Alimentação
2023-04,7145,2634.53,2073.57,Aluguel
2023-05,7145,3319.94,2288.24,Lazer
2023-06,7145,3452.1,3408.58,Aluguel
2023-07,7145,3715.7,2013.34,Alimentação
2023-08,7145,3574.51,2539.56,Alimentação
2023-09,7145,3491.99,2295.13,Transporte
2023-10,7145,3068.08,3074.06,Aluguel
2023-11,7145,1407.68,3547.94,Transporte
2023-12,7145,6128.63,3366.78,Educação
2023-01,7146,2228.13,2733.19,Educação
2023-02,7146,3622.98,2978.79,Educação
2023-03,7146,3343.94,1833.61,Educação
2023-04,7146,3511.26,945.22,Alimentação
2023-05,7146,3126.02,3125.44,Lazer
2023-06,7146,2672.23,3453.6,Lazer
2023-07,7146,3695.9,2412.51,Aluguel
2023-08,7146,4317.51,1608.52,Aluguel
2023-09,7146,1411.06,1774.91,Educação
2023-10,7146,4651.96,2539.96,Aluguel
2023-11,7146,4473.85,2853.15,Transporte
2023-12,7146,2896.11,1701.27,Lazer
2023-01,7147,3535.45,2276.62,Aluguel
2023-02,7147,2152.43,2181.52,Aluguel
2023-03,7147,5166.77,1439.8,Educação
2023-04,7147,1837.77,2589.3,Transporte
2023-05,7147,3660.31,1794.65,Transporte
2023-06,7147,3114.71,2948.56,Lazer
2023-07,7147,4030.75,2522.43,Lazer
2023-08,7147,2165.98,1569.03,Aluguel
2023-09,7147,2959.76,3489.63,Lazer
2023-10,7147,2622.07,2798.43,Educação
2023-11,7147,2282.47,2338.62,Alimentação
2023-12,7147,2987.74,2771.41,Transporte
2023-01,7148,3839.76,3573.85,Lazer
2023-02,7148,4004.67,3441.39,Educação
2023-03,7148,3865.65,2995.97,Aluguel
2023-04,7148,1908.7,2481.0,Transporte
2023-05,7148,3364.67,1994.57,Alimentação
2023-06,7148,5031.48,3075.94,Lazer
2023-07,7148,3998.54,2772.41,Alimentação
2023-08,7148,3720.04,3370.92,Transporte
2023-09,7148,4054.62,1564.49,Alimentação
2023-10,7148,3627.89,2066.26,Educação
2023-11,7148,1399.52,2648.49,Lazer
2023-12,7148,3588.95,1595.58,Educação
2023-01,7149,3996.48,1988.89,Lazer
2023-02,7149,4277.19,2368.65,Transporte
2023-03,7149,2330.72,2672.16,Educação
2023-04,7149,4150.97,,Educação
2023-05,7149,4392.43,2349.78,Alimentação
2023-06,7149,2773.88,3636.49,Educação
2023-07,7149,4560.86,3963.39,Educação
2023-08,7149,3187.56,623.28,Transporte
2023-09,7149,3978.54,1665.06,Transporte
2023-10,7149,3075.61,3465.06,Transporte
2023-11,7149,3952.76,1243.9,Alimentação
2023-12,7149,4249.13,3054.33,Alimentação
2023-01,7150,3382.64,2661.03,Transporte
2023-02,7150,4149.78,4305.24,Educação
2023-03,7150,4012.68,2601.03,Transporte
2023-04,7150,3432.66,2484.17,Educação
2023-05,7150,3303.64,1714.86,Educação
2023-06,7150,3104.43,1768.3,Lazer
2023-07,7150,2496.49,1881.5,Aluguel
2023-08,7150,4375.14,3421.94,Transporte
2023-09,7150,4492.33,2968.0,Educação
2023-10,7150,3046.33,,Aluguel
2023-11,7150,3762.68,1936.74,Aluguel
2023-12,7150,3036.47,1031.66,Alimentação
2023-01,7151,4509.99,1217.17,Alimentação
2023-02,7151,4474.75,3042.52,Educação
2023-03,7151,4288.1,2991.37,Lazer
2023-04,7151,3347.13,2193.67,Transporte
2023-05,7151,3366.35,4502.12,Lazer
2023-06,7151,3271.19,2338.29,Alimentação
2023-07,7151,2694.45,2115.2,Educação
2023-08,7151,3913.04,3267.0,Alimentação
2023-09,7151,3109.64,1827.15,Educação
2023-10,7151,3564.06,2365.56,Transporte
2023-11,7151,4534.81,3095.24,Educação
2023-12,7151,4364.55,2382.07,Educação
2023-01,7152,2579.1,3467.37,Alimentação
2023-02,7152,4593.22,2814.66,Transporte
2023-03,7152,4068.59,2498.95,Lazer
2023-04,7152,3996.17,1878.62,Lazer
2023-05,7152,4573.43,2506.13,Lazer
2023-06,7152,3971.07,,Educação
2023-07,7152,1937.62,2259.89,Alimentação
2023-08,7152,3729.49,1434.75,Aluguel
2023-09,7152,3451.52,1906.97,Lazer
2023-10,7152,2596.41,3237.47,Educação
2023-11,7152,4962.26,2431.77,Aluguel
2023-12,7152,5766.17,3498.04,Lazer
2023-01,7153,3748.39,1864.85,Transporte
2023-02,7153,3902.77,2933.21,Transporte
2023-03,7153,2808.57,787.75,Transporte
2023-04,7153,2574.41,2443.4,Aluguel
2023-05,7153,3283.91,1064.88,Lazer
2023-06,7153,3415.95,1093.28,Educação
2023-07,7153,3330.6,2458.04,Transporte
2023-08,7153,3213.16,2147.59,Alimentação
2023-09,7153,3588.96,3012.63,Transporte
2023-10,7153,3718.66,1096.19,Educação
2023-11,7153,4176.92,3118.11,Transporte
2023-12,7153,3140.39,3854.91,Educação
2023-01,7154,3439.73,2260.24,Transporte
2023-02,7154,3141.17,2773.06,Educação
2023-03,7154,3903.22,2219.73,Alimentação
2023-04,7154,3388.69,1099.58,Lazer
2023-05,7154,3923.23,4316.5,Lazer
2023-06,7154,3606.76,2889.31,Transporte
2023-07,7154,4913.65,2761.06,Lazer
2023-08,7154,3044.55,,Educação
2023-09,7154,4149.29,2991.32,Aluguel
2023-10,7154,4005.03,3320.24,Transporte
2023-11,7154,4954.99,3635.43,Educação
2023-12,7154,4653.43,2827.62,Lazer
2023-01,7155,3503.6,2460.21,Aluguel
2023-02,7155,3158.4,1122.76,Lazer
2023-03,7155,4172.42,3477.79,Aluguel
2023-04,7155,2257.53,2963.81,Lazer
2023-05,7155,2937.24,2183.71,Aluguel
2023-06,7155,3892.35,3480.42,Alimentação
2023-07,7155,2867.7,2969.67,Transporte
2023-08,7155,4299.14,3472.62,Alimentação
2023-09,7155,5745.03,2699.3,Transporte
2023-10,7155,1816.54,2829.73,Alimentação
2023-11,7155,2685.91,,Alimentação
2023-12,7155,2599.34,500.18,Aluguel
2023-01,7156,2637.18,2999.29,Transporte
2023-02,7156,4320.28,2260.02,Transporte
2023-03,7156,3852.73,2290.28,Educação
2023-04,7156,4625.24,2918.29,Aluguel
2023-05,7156,4613.69,1309.07,Aluguel
2023-06,7156,4147.85,2550.19,Transporte
2023-07,7156,3579.5,2096.98,Aluguel
2023-08,7156,3823.05,2009.7,Transporte
2023-09,7156,4446.37,1737.71,Aluguel
2023-10,7156,2835.81,2668.83,Aluguel
2023-11,7156,2949.79,3003.56,Lazer
2023-12,7156,2940.26,2238.71,Aluguel
2023-01,7157,4406.3,3242.66,Transporte
2023-02,7157,2741.64,2848.34,Aluguel
2023-03,7157,5405.73,1315.27,Alimentação
2023-04,7157,3737.18,2447.58,Aluguel
2023-05,7157,3336.11,3373.32,Educação
2023-06,7157,4732.45,2046.16,Aluguel
2023-07,7157,2225.87,,Lazer
2023-08,7157,3711.52,3691.96,Lazer
2023-09,7157,2935.85,3085.13,Aluguel
2023-10,7157,2393.77,3430.94,Educação
2023-11,7157,4796.6,,Educação
2023-12,7157,3642.63,1740.2,Aluguel
2023-01,7158,5198.58,2120.26,Alimentação
2023-02,7158,2711.86,3211.89,Educação
2023-03,7158,4032.03,3439.35,Aluguel
2023-04,7158,3189.37,2711.11,Educação
2023-05,7158,2340.94,2488.96,Aluguel
2023-06,7158,2413.96,3194.57,Educação
2023-07,7158,3420.27,2304.91,Transporte
2023-08,7158,3748.29,2750.61,Lazer
2023-09,7158,2580.6,2260.05,Educação
2023-10,7158,4439.99,2927.9,Educação
2023-11,7158,4248.3,1882.72,Transporte
2023-12,7158,2779.96,,Lazer
2023-01,7159,2064.09,1889.18,Lazer
2023-02,7159,1701.0,,Alimentação
2023-03,7159,4446.14,3446.05,Aluguel
2023-04,7159,3254.7,2484.14,Educação
2023-05,7159,3039.15,1241.66,Aluguel
2023-06,7159,3648.92,2769.01,Lazer
2023-07,7159,4294.72,3154.82,Educação
2023-08,7159,2468.96,3144.77,Aluguel
2023-09,7159,2142.01,2200.61,Transporte
2023-10,7159,4853.01,952.85,Educação
2023-11,7159,4129.56,2450.01,Aluguel
2023-12,7159,3150.43,3363.05,Transporte
2023-01,7160,4398.48,965.16,Transporte
2023-02,7160,3974.41,2842.18,Alimentação
2023-03,7160,2223.26,2788.78,Lazer
2023-04,7160,2957.03,2099.59,Lazer
2023-05,7160,3718.7,3835.46,Lazer
2023-06,7160,4235.3,,Educação
2023-07,7160,2738.32,2594.75,Transporte
2023-08,7160,3640.27,3564.88,Lazer
2023-09,7160,4263.64,1720.87,Aluguel
2023-10,7160,3495.25,2369.68,Lazer
2023-11,7160,5139.09,2148.2,Alimentação
2023-12,7160,4303.19,3955.39,Transporte
2023-01,7161,4190.57,2537.56,Aluguel
2023-02,7161,3610.29,2770.66,Alimentação
2023-03,7161,2259.51,2348.91,Lazer
2023-04,7161,2634.72,2175.91,Lazer
2023-05,7161,4019.03,3232.46,Educação
2023-06,7161,3914.56,1804.59,Alimentação
2023-07,7161,2861.97,2577.66,Aluguel
2023-08,7161,3802.07,2123.67,Aluguel
2023-09,7161,1169.28,2642.6,Educação
2023-10,7161,2091.68,2049.61,Aluguel
2023-11,7161,4548.48,3305.95,Aluguel
2023-12,7161,3815.26,3564.57,Aluguel
2023-01,7162,2993.04,2809.36,Aluguel
2023-02,7162,1965.41,2065.71,Lazer
2023-03,7162,1711.35,2219.05,Alimentação
2023-04,7162,2614.49,3060.99,Lazer
2023-05,7162,3955.74,3849.33,Educação
2023-06,7162,4902.72,1277.09,Transporte
2023-07,7162,2269.49,1642.76,Educação
2023-08,7162,2346.6,2120.82,Aluguel
2023-09,7162,3364.65,1094.3,Lazer
2023-10,7162,4112.35,,Transporte
2023-11,7162,3769.71,1957.42,Alimentação
2023-12,7162,3995.67,,Transporte
2023-01,7163,3825.99,2812.18,Educação
2023-02,7163,2596.39,2244.43,Aluguel
2023-03,7163,2670.82,1724.68,Alimentação
2023-04,7163,2656.81,1853.52,Educação
2023-05,7163,3150.24,2787.21,Transporte
2023-06,7163,4043.27,1635.93,Lazer
2023-07,7163,4140.96,2511.1,Transporte
2023-08,7163,2822.41,3618.01,Educação
2023-09,7163,6022.58,3567.44,Educação
2023-10,7163,3572.52,3186.6,Educação
2023-11,7163,3207.07,2334.48,Educação
2023-12,7163,3251.61,3305.15,Educação
2023-01,7164,3153.66,2158.41,Alimentação
2023-02,7164,3927.01,2443.72,Educação
2023-03,7164,4545.47,2350.88,Aluguel
2023-04,7164,4331.25,1797.58,Alimentação
2023-05,7164,3141.57,2307.74,Transporte
2023-06,7164,3364.73,1788.29,Educação
2023-07,7164,3856.91,2946.44,Aluguel
2023-08,7164,4076.13,1584.71,Lazer
2023-09,7164,4214.17,2255.94,Transporte
2023-10,7164,3894.05,2435.04,Aluguel
2023-11,7164,4504.25,2358.31,Aluguel
2023-12,7164,1877.27,2898.49,Alimentação
2023-01,7165,3428.98,1637.94,Educação
2023-02,7165,2794.37,3360.32,Alimentação
2023-03,7165,4071.72,417.15,Transporte
2023-04,7165,3506.73,185.13,Aluguel
2023-05,7165,4439.31,3813.84,Educação
2023-06,7165,3862.08,2300.48,Lazer
2023-07,7165,2556.28,2673.52,Educação
2023-08,7165,2850.53,1833.35,Transporte
2023-09,7165,3243.02,3951.64,Transporte
2023-10,7165,2585.21,1969.41,Educação
2023-11,7165,2328.39,3762.07,Educação
2023-12,7165,4774.32,3126.57,Transporte
2023-01,7166,3800.9,3354.97,Lazer
2023-02,7166,2863.01,2453.39,Transporte
2023-03,7166,3501.87,,Aluguel
2023-04,7166,3854.91,1642.35,Alimentação
2023-05,7166,2723.11,4522.56,Alimentação
2023-06,7166,4514.07,1757.54,Alimentação
2023-07,7166,3211.5,2619.64,Educação
2023-08,7166,4642.7,2010.0,Lazer
2023-09,7166,2896.49,,Lazer
2023-10,7166,4008.11,2182.67,Aluguel
2023-11,7166,5959.15,2536.47,Educação
2023-12,7166,1408.79,2510.02,Aluguel
2023-01,7167,2853.77,1503.53,Lazer
2023-02,7167,5809.47,1918.45,Educação
2023-03,7167,2535.13,2031.34,Alimentação
2023-04,7167,2567.27,3335.55,Aluguel
2023-05,7167,4040.13,3036.4,Educação
2023-06,7167,2024.8,2927.59,Educação
2023-07,7167,4110.2,2544.19,Aluguel
2023-08,7167,3822.07,1797.06,Aluguel
2023-09,7167,3529.82,2024.34,Lazer
2023-10,7167,4807.05,2509.6,Transporte
2023-11,7167,5662.86,3483.93,Lazer
2023-12,7167,2337.32,3150.05,Lazer
2023-01,7168,4832.01,3128.82,Aluguel
2023-02,7168,3922.83,3005.23,Educação
2023-03,7168,2819.87,2650.08,Alimentação
2023-04,7168,4049.83,2460.26,Aluguel
2023-05,7168,3076.76,3898.92,Aluguel
2023-06,7168,5317.03,3319.99,Alimentação
2023-07,7168,3039.55,1956.66,Alimentação
2023-08,7168,3141.33,,Aluguel
2023-09,7168,4151.04,3063.95,Aluguel
2023-10,7168,4728.01,2519.29,Aluguel
2023-11,7168,5523.02,1388.02,Aluguel
2023-12,7168,4261.26,2111.34,Lazer
2023-01,7169,3855.23,2818.44,Lazer
2023-02,7169,3947.3,1514.87,Lazer
2023-03,7169,2737.66,1573.65,Educação
2023-04,7169,3450.23,2223.49,Lazer
2023-05,7169,4686.19,2042.7,Transporte
2023-06,7169,4396.78,4243.07,Transporte
2023-07,7169,3240.89,3702.08,Aluguel
2023-08,7169,3183.63,3499.8,Aluguel
2023-09,7169,2704.84,1828.97,Lazer
2023-10,7169,4327.41,2350.61,Transporte
2023-11,7169,4755.75,3116.97,Alimentação
2023-12,7169,4977.75,2271.17,Aluguel
2023-01,7170,3910.1,2941.27,Aluguel
2023-02,7170,5100.22,2328.08,Transporte
2023-03,7170,2840.7,3390.54,Aluguel
2023-04,7170,3153.79,3752.78,Transporte
2023-05,7170,2848.31,1950.93,Transporte
2023-06,7170,2434.58,2469.73,Lazer
2023-07,7170,2528.42,3940.68,Transporte
2023-08,7170,2378.04,,Transporte
2023-09,7170,4442.51,2117.91,Educação
2023-10,7170,3340.66,2086.34,Transporte
2023-11,7170,4482.26,1913.89,Transporte
2023-12,7170,2600.83,1995.95,Aluguel
2023-01,7171,4008.54,3844.68,Educação
2023-02,7171,3809.1,2372.48,Lazer
2023-03,7171,4358.84,1384.6,Educação
2023-04,7171,3801.37,2430.62,Alimentação
2023-05,7171,4830.47,561.35,Aluguel
2023-06,7171,5048.88,1995.08,Alimentação
2023-07,7171,4068.12,4257.99,Lazer
2023-08,7171,4250.58,3520.49,Lazer
2023-09,7171,3698.45,2762.98,Lazer
2023-10,7171,4312.75,2251.44,Aluguel
2023-11,7171,3087.75,3444.74,Transporte
2023-12,7171,2538.05,,Educação
2023-01,7172,2815.83,2745.84,Alimentação
2023-02,7172,4303.08,,Transporte
2023-03,7172,2201.8,3142.95,Aluguel
2023-04,7172,4010.14,1751.57,Alimentação
2023-05,7172,3792.36,2687.93,Transporte
2023-06,7172,4680.07,3328.87,Aluguel
2023-07,7172,3699.8,445.53,Transporte
2023-08,7172,4601.5,3654.66,Alimentação
2023-09,7172,3607.53,2115.22,Educação
2023-10,7172,4520.91,2246.65,Educação
2023-11,7172,5476.3,1777.81,Transporte
2023-12,7172,2796.85,2682.43,Alimentação
2023-01,7173,4967.68,1938.48,Educação
2023-02,7173,5224.7,2961.3,Educação
2023-03,7173,2752.52,2490.73,Transporte
2023-04,7173,4431.63,4104.52,Transporte
2023-05,7173,5775.35,1426.65,Alimentação
2023-06,7173,3623.92,2237.37,Transporte
2023-07,7173,3059.58,2467.71,Lazer
2023-08,7173,3655.2,2355.9,Alimentação
2023-09,7173,3533.68,,Aluguel
2023-10,7173,3038.16,2803.01,Lazer
2023-11,7173,2127.05,,Aluguel
2023-12,7173,3275.21,2516.04,Aluguel
2023-01,7174,2565.49,2909.38,Aluguel
2023-02,7174,3018.32,3162.48,Alimentação
2023-03,7174,2208.31,2919.04,Aluguel
2023-04,7174,2480.12,3434.8,Aluguel
2023-05,7174,3996.27,2171.36,Lazer
2023-06,7174,3592.5,3209.61,Alimentação
2023-07,7174,2741.03,2271.76,Educação
2023-08,7174,1816.13,2262.87,Lazer
2023-09,7174,5282.53,2640.9,Alimentação
2023-10,7174,2513.74,1011.19,Transporte
2023-11,7174,2573.42,3039.32,Lazer
2023-12,7174,4813.07,2027.62,Aluguel
2023-01,7175,2886.89,1782.69,Aluguel
2023-02,7175,3736.98,2934.81,Aluguel
2023-03,7175,2022.84,1862.86,Lazer
2023-04,7175,1103.33,1940.87,Transporte
2023-05,7175,3234.43,3324.76,Educação
2023-06,7175,4485.98,2738.26,Educação
2023-07,7175,2589.71,1856.67,Lazer
2023-08,7175,1927.75,2500.82,Lazer
2023-09,7175,3168.65,2603.01,Lazer
2023-10,7175,4352.14,3637.08,Lazer
2023-11,7175,3767.87,2640.03,Lazer
2023-12,7175,1576.67,2681.71,Transporte
2023-01,7176,2541.34,,Lazer
2023-02,7176,3254.94,898.26,Educação
2023-03,7176,3270.54,1916.92,Transporte
2023-04,7176,3123.52,2233.22,Aluguel
2023-05,7176,4768.94,3549.41,Transporte
2023-06,7176,3777.41,1624.1,Lazer
2023-07,7176,4056.78,2273.8,Educação
2023-08,7176,2111.06,1947.53,Aluguel
2023-09,7176,2075.44,1867.59,Aluguel
2023-10,7176,4146.3,1952.71,Educação
2023-11,7176,4078.72,3206.44,Transporte
2023-12,7176,2788.68,355.18,Educação
2023-01,7177,3223.53,2236.37,Aluguel
2023-02,7177,4525.02,3239.02,Educação
2023-03,7177,5750.44,,Transporte
2023-04,7177,3927.04,3241.63,Alimentação
2023-05,7177,2436.44,2836.5,Alimentação
2023-06,7177,4717.29,2851.67,Aluguel
2023-07,7177,3581.38,2694.71,Alimentação
2023-08,7177,2509.35,2791.44,Aluguel
2023-09,7177,4050.75,1371.47,Transporte
2023-10,7177,936.98,3814.16,Aluguel
2023-11,7177,2876.22,2123.96,Educação
2023-12,7177,3593.93,1801.47,Transporte
2023-01,7178,2089.84,1690.69,Aluguel
2023-02,7178,4444.94,897.45,Educação
2023-03,7178,1905.56,,Transporte
2023-04,7178,3845.0,2633.91,Educação
2023-05,7178,2806.75,2457.21,Alimentação
2023-06,7178,3718.14,2627.93,Transporte
2023-07,7178,1434.16,3901.3,Alimentação
2023-08,7178,2155.41,2221.17,Educação
2023-09,7178,3874.53,2337.75,Alimentação
2023-10,7178,2481.95,,Aluguel
2023-11,7178,4015.69,3096.05,Aluguel
2023-12,7178,2589.05,2449.88,Educação
2023-01,7179,4656.38,3106.21,Alimentação
2023-02,7179,2392.01,2833.87,Alimentação
2023-03,7179,2381.92,3103.72,Transporte
2023-04,7179,3267.18,1730.49,Alimentação
2023-05,7179,3218.7,2935.42,Aluguel
2023-06,7179,2304.92,2326.0,Educação
2023-07,7179,3366.37,3189.23,Educação
2023-08,7179,3760.52,1863.91,Educação
2023-09,7179,1385.8,1256.59,Transporte
2023-10,7179,2443.03,2114.61,Lazer
2023-11,7179,829.43,1673.23,Educação
2023-12,7179,4589.14,2432.54,Alimentação
2023-01,7180,4313.77,3745.35,Educação
2023-02,7180,4228.71,,Aluguel
2023-03,7180,3219.7,2788.56,Aluguel
2023-04,7180,3163.14,4825.18,Lazer
2023-05,7180,2674.76,3392.61,Aluguel
2023-06,7180,3127.9,2142.64,Educação
2023-07,7180,2527.78,,Educação
2023-08,7180,4209.06,2798.33,Aluguel
2023-09,7180,2430.25,2048.47,Educação
2023-10,7180,2492.54,2651.75,Transporte
2023-11,7180,1315.06,1758.27,Alimentação
2023-12,7180,2786.61,2038.64,Alimentação
2023-01,7181,3821.86,2110.95,Aluguel
2023-02,7181,2604.22,2959.59,Alimentação
2023-03,7181,4546.28,2904.08,Lazer
2023-04,7181,3050.13,,Lazer
2023-05,7181,2854.0,2884.76,Lazer
2023-06,7181,4873.43,487.44,Alimentação
2023-07,7181,1834.78,2543.6,Educação
2023-08,7181,2651.28,2395.76,Aluguel
2023-09,7181,3769.84,2177.17,Lazer
2023-10,7181,3034.93,3157.9,Alimentação
2023-11,7181,4890.98,2273.5,Educação
2023-12,7181,4616.09,1707.49,Alimentação
2023-01,7182,5599.14,2719.18,Aluguel
2023-02,7182,2492.47,3720.07,Transporte
2023-03,7182,2905.6,3844.97,Alimentação
2023-04,7182,4058.87,3473.79,Aluguel
2023-05,7182,4272.81,1354.79,Lazer
2023-06,7182,1950.35,2667.53,Aluguel
2023-07,7182,3533.7,2917.96,Aluguel
2023-08,7182,4205.84,4494.37,Lazer
2023-09,7182,2809.28,1768.2,Aluguel
2023-10,7182,4097.06,1544.93,Alimentação
2023-11,7182,4169.37,2542.68,Aluguel
2023-12,7182,4263.68,2592.88,Transporte
2023-01,7183,4062.98,1622.76,Educação
2023-02,7183,3750.56,1926.22,Alimentação
2023-03,7183,3928.71,2818.84,Lazer
2023-04,7183,2911.87,2841.16,Educação
2023-05,7183,3519.65,2241.07,Transporte
2023-06,7183,4539.0,4155.43,Alimentação
2023-07,7183,4481.41,2695.32,Transporte
2023-08,7183,3083.99,2676.72,Transporte
2023-09,7183,4296.14,2283.09,Aluguel
2023-10,7183,1963.61,3256.44,Educação
2023-11,7183,4750.33,1398.13,Transporte
2023-12,7183,3719.49,1679.7,Transporte
2023-01,7184,3899.15,2690.49,Transporte
2023-02,7184,3692.58,2512.93,Alimentação
2023-03,7184,1081.37,3540.12,Educação
2023-04,7184,2927.51,1315.02,Lazer
2023-05,7184,4089.83,1852.45,Transporte
2023-06,7184,6134.24,3623.84,Alimentação
2023-07,7184,4167.58,3249.83,Educação
2023-08,7184,2330.79,2261.43,Educação
2023-09,7184,4452.29,1345.84,Transporte
2023-10,7184,4888.31,2049.85,Transporte
2023-11,7184,2463.01,,Aluguel
2023-12,7184,3600.87,3824.59,Aluguel
2023-01,7185,2885.44,1826.75,Aluguel
2023-02,7185,2656.72,2785.6,Aluguel
2023-03,7185,3789.64,1169.94,Aluguel
2023-04,7185,1541.99,1709.23,Educação
2023-05,7185,3723.34,146.15,Aluguel
2023-06,7185,4008.83,2137.1,Educação
2023-07,7185,4433.59,1420.65,Lazer
2023-08,7185,4185.01,3409.01,Lazer
2023-09,7185,4991.73,2592.5,Lazer
2023-10,7185,3240.55,3154.16,Educação
2023-11,7185,3007.95,2616.44,Transporte
2023-12,7185,4562.65,3334.62,Transporte
2023-01,7186,3118.71,2757.64,Transporte
2023-02,7186,4902.46,3246.96,Lazer
2023-03,7186,3345.52,1061.59,Alimentação
2023-04,7186,2662.42,1171.28,Lazer
2023-05,7186,3707.94,1690.93,Educação
2023-06,7186,1892.97,3845.76,Lazer
2023-07,7186,3321.34,3113.86,Educação
2023-08,7186,3779.19,2060.26,Aluguel
2023-09,7186,3372.65,1903.41,Educação
2023-10,7186,2836.27,1895.87,Lazer
2023-11,7186,1921.97,3100.54,Transporte
2023-12,7186,3042.08,3898.97,Educação
2023-01,7187,3621.64,2590.22,Lazer
2023-02,7187,5846.73,-373.21,Educação
2023-03,7187,3101.19,2026.43,Lazer
2023-04,7187,3994.26,2601.86,Aluguel
2023-05,7187,2531.4,2730.69,Aluguel
2023-06,7187,3930.73,1177.15,Alimentação
2023-07,7187,4546.23,3442.89,Aluguel
2023-08,7187,1896.06,3238.99,Aluguel
2023-09,7187,3866.69,3195.77,Lazer
2023-10,7187,2696.84,1289.49,Educação
2023-11,7187,2478.81,2433.71,Transporte
2023-12,7187,3427.55,1147.48,Lazer
2023-01,7188,3745.51,1469.01,Transporte
2023-02,7188,3381.6,1843.6,Educação
2023-03,7188,2626.8,1913.43,Aluguel
2023-04,7188,2663.68,3173.9,Educação
2023-05,7188,2908.32,2338.69,Educação
2023-06,7188,4485.76,2767.19,Alimentação
2023-07,7188,2974.9,1324.93,Alimentação
2023-08,7188,2843.58,1930.49,Educação
2023-09,7188,3138.48,2424.16,Alimentação
2023-10,7188,1499.09,,Alimentação
2023-11,7188,2388.76,4655.53,Lazer
2023-12,7188,2934.25,3272.21,Aluguel
2023-01,7189,3507.08,1916.22,Aluguel
2023-02,7189,3938.35,1482.98,Alimentação
2023-03,7189,4351.2,1358.07,Alimentação
2023-04,7189,3009.84,4112.62,Lazer
2023-05,7189,3832.86,3819.75,Aluguel
2023-06,7189,4527.39,3171.92,Educação
2023-07,7189,4347.72,3318.89,Alimentação
2023-08,7189,4389.91,2097.43,Educação
2023-09,7189,2456.74,1949.64,Aluguel
2023-10,7189,2956.42,1809.41,Lazer
2023-11,7189,3106.62,2304.37,Educação
2023-12,7189,2662.25,1248.06,Transporte
2023-01,7190,5538.27,3843.43,Educação
2023-02,7190,3020.84,2882.89,Alimentação
2023-03,7190,3408.75,2119.36,Educação
2023-04,7190,3818.81,1215.32,Educação
2023-05,7190,3375.6,3179.89,Aluguel
2023-06,7190,2047.73,3594.68,Lazer
2023-07,7190,4246.49,2609.35,Aluguel
2023-08,7190,2228.52,2954.91,Transporte
2023-09,7190,2748.54,1861.14,Alimentação
2023-10,7190,3299.06,2558.55,Lazer
2023-11,7190,3982.68,2686.9,Lazer
2023-12,7190,4478.44,3380.99,Alimentação
2023-01,7191,4408.61,1172.6,Alimentação
2023-02,7191,3708.34,1824.74,Educação
2023-03,7191,1865.44,2886.46,Lazer
2023-04,7191,4197.87,2692.94,Transporte
2023-05,7191,3093.69,1820.77,Educação
2023-06,7191,1051.1,2989.43,Aluguel
2023-07,7191,5517.91,4151.05,Transporte
2023-08,7191,4210.89,2443.83,Transporte
2023-09,7191,7651.5,2103.99,Lazer
2023-10,7191,2423.93,2451.29,Educação
2023-11,7191,2942.36,2410.95,Aluguel
2023-12,7191,3139.52,3386.12,Transporte
2023-01,7192,3173.54,2465.65,Lazer
2023-02,7192,4658.4,2659.01,Transporte
2023-03,7192,2865.57,1077.98,Lazer
2023-04,7192,5266.42,2425.27,Lazer
2023-05,7192,5237.13,688.68,Educação
2023-06,7192,2529.05,1870.85,Educação
2023-07,7192,4022.45,1193.9,Lazer
2023-08,7192,3537.22,1595.23,Transporte
2023-09,7192,5219.27,2220.28,Lazer
2023-10,7192,2757.37,3089.54,Educação
2023-11,7192,4366.77,3294.68,Lazer
2023-12,7192,4242.25,2554.78,Aluguel
2023-01,7193,3990.89,2166.6,Lazer
2023-02,7193,4318.84,3229.14,Lazer
2023-03,7193,5049.25,3016.93,Lazer
2023-04,7193,4204.21,3153.51,Transporte
2023-05,7193,4849.93,3016.56,Alimentação
2023-06,7193,3965.54,1800.43,Transporte
2023-07,7193,3312.23,1897.98,Alimentação
2023-08,7193,2597.5,1921.64,Aluguel
2023-09,7193,5602.61,3029.27,Alimentação
2023-10,7193,3559.78,3063.42,Alimentação
2023-11,7193,4636.73,2134.3,Aluguel
2023-12,7193,3656.78,3392.91,Lazer
2023-01,7194,4141.43,746.46,Lazer
2023-02,7194,2747.18,2006.16,Lazer
2023-03,7194,3061.8,2840.29,Alimentação
2023-04,7194,3948.26,2714.92,Lazer
2023-05,7194,3898.31,827.99,Aluguel
2023-06,7194,2845.44,2585.76,Educação
2023-07,7194,2542.51,2464.25,Lazer
2023-08,7194,3189.55,3670.87,Aluguel
2023-09,7194,5225.67,2328.73,Educação
2023-10,7194,2964.66,2839.57,Educação
2023-11,7194,2917.63,2721.02,Transporte
2023-12,7194,1638.63,3184.18,Aluguel
2023-01,7195,3486.64,2676.8,Educação
2023-02,7195,3112.29,4849.18,Transporte
2023-03,7195,3622.42,2882.21,Transporte
2023-04,7195,2808.38,2485.02,Alimentação
2023-05,7195,3782.86,1291.57,Educação
2023-06,7195,3598.32,3635.72,Aluguel
2023-07,7195,2314.48,3910.35,Educação
2023-08,7195,4830.84,3358.09,Lazer
2023-09,7195,4447.09,3261.13,Transporte
2023-10,7195,3177.62,2033.1,Alimentação
2023-11,7195,3654.73,2762.17,Educação
2023-12,7195,3517.2,2740.08,Educação
2023-01,7196,5117.35,2704.46,Alimentação
2023-02,7196,2959.8,2748.76,Lazer
2023-03,7196,2742.83,4656.05,Alimentação
2023-04,7196,4090.53,2305.36,Transporte
2023-05,7196,2918.64,3332.46,Aluguel
2023-06,7196,3249.82,2432.21,Aluguel
2023-07,7196,3598.44,2423.13,Educação
2023-08,7196,3192.26,2277.78,Transporte
2023-09,7196,4544.39,1065.18,Alimentação
2023-10,7196,2237.76,3427.91,Lazer
2023-11,7196,2605.63,1359.31,Educação
2023-12,7196,4192.15,4450.35,Aluguel
2023-01,7197,4244.15,3430.69,Lazer
2023-02,7197,2619.35,1697.45,Lazer
2023-03,7197,2854.82,3064.57,Transporte
2023-04,7197,3169.84,1469.91,Alimentação
2023-05,7197,4844.89,2118.43,Aluguel
2023-06,7197,4021.11,3246.39,Alimentação
2023-07,7197,3674.06,3279.4,Lazer
2023-08,7197,2407.52,1407.01,Alimentação
2023-09,7197,3163.85,,Aluguel
2023-10,7197,4235.36,1781.81,Educação
2023-11,7197,3165.07,2139.06,Aluguel
2023-12,7197,3522.45,4024.45,Lazer
2023-01,7198,5081.51,880.81,Lazer
2023-02,7198,3519.85,3485.0,Educação
2023-03,7198,3796.93,2762.77,Educação
2023-04,7198,4245.2,2158.98,Educação
2023-05,7198,2614.76,2465.19,Lazer
2023-06,7198,2905.24,2848.74,Educação
2023-07,7198,2029.74,1524.12,Transporte
2023-08,7198,4430.79,2491.1,Educação
2023-09,7198,2135.48,2422.26,Aluguel
2023-10,7198,3849.63,2375.67,Alimentação
2023-11,7198,4733.57,2546.63,Lazer
2023-12,7198,3319.95,2558.97,Lazer
2023-01,7199,3117.8,2585.11,Transporte
2023-02,7199,4769.33,3696.5,Educação
2023-03,7199,3792.75,1865.65,Transporte
2023-04,7199,1769.99,2064.02,Alimentação
2023-05,7199,5841.08,2611.45,Transporte
2023-06,7199,2039.9,2208.33,Transporte
2023-07,7199,4197.76,3162.36,Educação
2023-08,7199,3928.52,3389.87,Alimentação
2023-09,7199,3758.17,1007.63,Lazer
2023-10,7199,2874.59,1856.48,Aluguel
2023-11,7199,4273.78,2252.37,Alimentação
2023-12,7199,3032.32,2539.19,Aluguel
2023-01,7200,3740.05,2191.65,Educação
2023-02,7200,4328.13,1749.56,Lazer
2023-03,7200,4145.91,1913.75,Alimentação
2023-04,7200,2433.22,3636.98,Lazer
2023-05,7200,4665.87,,Lazer
2023-06,7200,3684.58,2486.83,Lazer
2023-07,7200,3960.19,2460.14,Alimentação
2023-08,7200,3705.29,3846.84,Alimentação
2023-09,7200,3802.46,2820.53,Transporte
2023-10,7200,3889.93,2566.47,Alimentação
2023-11,7200,3933.27,3077.34,Educação
2023-12,7200,4341.42,2178.98,Alimentação
